id,sex,age,laugh,comment,user_url,content
藏的很深,男,38,1092,26,https://www.qiushibaike.com/users/112899/,"老婆闺蜜离婚，男方情变出轨，俩人电话煲粥，痛骂陈世美……电话挂断后，老婆依然愤愤不平，我看她气呼呼的样子娇蛮可爱，打趣道：老婆我要是出轨你怎么办？也离婚？老婆眼睛一眯，淡然道：我这只有丧偶，没有离婚！说完就气呼呼的下楼了……我听的一身冷汗啊，我赶紧追下楼，看老婆在一楼客厅气呼呼的切橙子吃，我贱贱的过去赔不是，还没张嘴说话，老婆手一挥道：你甭解释，咱俩年少兄弟，老来伴，谁不了解谁？别的不说，咱小区从6岁到60岁到哪个你不撩？六栋楼的的夫妻打架，老婆离家出走，你帮着找媳妇，真是你住隔壁你姓王，招多活
…"
一缕冷香远～,女,100,1951,36,https://www.qiushibaike.com/users/28831688/,刚才吃螺蛳粉，旁边一小萝莉边吃边看了我一会儿，然后转头对她麻麻说:妈妈，那个阿姨脸上好脏！
偷惢,女,28,1691,58,https://www.qiushibaike.com/users/32236400/,楼主睡觉总是流口水，用遍各种偏方也起不到效果。最近听朋友说，睡前口里含块苹果，会好很多～
白百丽儿,女,32,1561,22,https://www.qiushibaike.com/users/36401850/,一对自恋狂的日常
最美山佬,女,26,148,7,https://www.qiushibaike.com/users/15047842/,楼主女，24岁未婚，刚升小学校主任，官不大，事不少，刚开学比较忙。这几天结石犯了，下班回来累累，嫂子这几又出去做工了，家里还有70岁的父亲和96的奶奶要照顾！！！
好吃的焦糖饼干………,女,84,4818,34,https://www.qiushibaike.com/users/9214729/,不知道因为啥事，哥嫂吵架了，嫂子急了眼。我劝不住，急的我两手拍着脸，瞪了我哥一眼……
匿名用户,不详,不详,1834,30,,"不知道算不算糗事。匿吧！。我一发小，一个村的，十几年前都差不多。割割面前一条湾湾的河。现在天天跟我说这社会怎么怎么不公平。我C,你一个天天赌桌，会所，KTV混的跟我一个天天出租屋工地两头跑、十几年只回家过过三次年的谈社会公平，谈兄弟情谊。如果我现在还跟你一样一穷二白才是这社会最大的不公平。各位看官怎么看"
十里柔情一帘幽梦,女,100,1408,20,https://www.qiushibaike.com/users/8737794/,老公不让我单独出门旅行，他没时间陪我时就让亲戚朋友陪着，看到拐卖妇女的案例就赶紧发给我。
抱我51,男,22,1095,19,https://www.qiushibaike.com/users/37267710/,我朋友过生日我们来到KTV等着他，我想要搞个恶作剧，手里拿的一大快蛋糕就等他，一进门直接扔过去，一人出去放风等来了告诉我，等了一会放风的人急忙发了一条短信说到了，我做好准备可进门的却是我女友，那块蛋糕直接拍在脸上，我懵逼了怎么回事，原来我女友比我朋友来的早几秒，朋友在门外笑的都没样了。
白白的居士,男,40,136,2,https://www.qiushibaike.com/users/22688287/,有没有相同经历滴。蹲坑。拿手机看新闻看糗百看美女。。。太投入了。腿都麻了，以为白蹲了半天，没出货。站起来，刚提上裤子。我草。出货了。不说了，洗内内中。
星劫,男,27,19428,101,https://www.qiushibaike.com/users/14849114/,最佩服装逼的是我表弟，相亲的时候女方问他什么学历，他眼神盯着远方，深沉的说遗憾当年没考上博士，女方追问什么原因没考上，他说原因很多，最主要是初中没毕业……
狸土豆大人,女,99,1654,55,https://www.qiushibaike.com/users/25216936/,早上起床，睡眼惺忪的去洗漱，脑子迷迷糊糊。刷牙时误用了洗面奶当牙膏，那种苦涩的味道简直提神，赶紧吐掉换牙膏。可能是拿牙膏太顺手，挤上就开始洗脸，一种冰凉刺痛感袭来……
十里柔情一帘幽梦,女,100,9334,68,https://www.qiushibaike.com/users/8737794/,小丽的相亲对象对小丽一见倾心，各种追求，可对方不是她的菜。。
名字帅人才帅,男,27,4522,227,https://www.qiushibaike.com/users/23745221/,LZ晋升主管，请同事吃饭庆祝，吃过饭，经理抢着买单，八个人花了八百多，经理对我说，你要实在不好意思，就请我们唱歌，正好我老婆是一家KTV经理，去那还能打折！
煞笔！你大爷,男,21,602,10,https://www.qiushibaike.com/users/24063134/,小时候隔壁家养了一条小狼狗，可凶了，有一次把路过的神经病给咬了，双方对咬着死活不松口，最后小狼狗松口了，神经病却一直没松口，从那以后小狼狗再没咬过人，见到人也不吭声了，估计是伤了它的自尊了……
一缕冷香远～,女,100,3579,43,https://www.qiushibaike.com/users/28831688/,和老公生气，跑去跟闺蜜诉苦，闺蜜听后跟我说:是啊，男人就是烦，总是不听话！我那男人也是，让他往东偏要往西，还记得前两天我过生日吗，让他不要送礼物，浪费钱！他偏要买，你看我脖子上这条项链就是他送的，好几千呢，太浪费了，心疼死我了～
姑苏云琪,女,25,1784,16,https://www.qiushibaike.com/users/37076223/,去幼儿园接儿子放学，发现一个老师居然是个帅哥，我忍不住多看了几眼，儿子说：妈妈，你别看了，这个老师有女朋友了！
王云（笨笨）,女,25,1105,27,https://www.qiushibaike.com/users/33542137/,大学的时候，我不怎么爱说话，总是一个人安安静静的。
贱゜人゜余,男,98,1915,26,https://www.qiushibaike.com/users/36760891/,前两天生日，媳妇说给我在网上买了件衣服当生日礼物，今天到货，媳妇有事出去了让我在家等着，过了一会快递小哥来了，299元货到付款，我就先打开验验货，拆开一看，卧槽！这娘们是给自己买的，还要用我的私房钱垫上………
为情所困。。,男,27,169,2,https://www.qiushibaike.com/users/17555719/,现在，在老丈人家劝架，原因是老丈人，和丈母娘手机里面都有，打麻将的小游戏，老丈人手机没电了，想用丈母娘的手机玩，丈母娘不干。不一会丈母娘去厕所了，老丈人就把丈母娘的游戏卸载了！！卸载了！！！
王八与蛋,男,32,1087,8,https://www.qiushibaike.com/users/16749385/,小学时期，我们班的数学老师结婚。大家商量送一份大礼给她。结果那个星期的数学考试，学渣同桌的考成13，14 ，学霸同桌考成99，99，普通人则是88，88，唯独我一个人考了100分。然后我被数学老师邀请参加她的婚宴。回来就被老爸因为份子钱的关系，痛揍了一顿……[捂脸]
百里媳妇,男,34,1437,16,https://www.qiushibaike.com/users/28730286/,男朋友一家来我家吃饭，晚上吃饭的时候男朋友的爸爸吃到个辣椒，辣得直伸舌头。
不帅但很能干的人,男,30,1535,35,https://www.qiushibaike.com/users/9318136/,老婆新买一瓶进口润肤乳，上面都是看不懂的外国字，据说很贵，天天往腿上抹。看着那么贵的东西，我心里也痒痒的，于是每天洗完澡就偷偷往腿上抹一点～
一缕冷香远～,女,100,4617,88,https://www.qiushibaike.com/users/28831688/,本哥想要二胎，但他儿子不同意。
靓靓的黑妹,男,21,162,4,https://www.qiushibaike.com/users/29618162/,今天去钓鱼，蹲了半天终于有鱼吃钓了，拉起来手感很重的那种，出水面后我傻眼了我哥们乐坏了，一条花鲈还带个胸罩，我是不是该放了这美人鱼？？
﹋o﹋小面条,女,26,443,2,https://www.qiushibaike.com/users/12271887/,[cp]昨晚半睡半醒的一直没有睡着[晕]，突然听到老公说：‘老婆，我头上有直升飞机在飞！’
小白是个工作狂,男,26,4716,50,https://www.qiushibaike.com/users/26352332/,出差到姐姐的城市，周末去看外甥！带了点礼物，有一箱牛奶有点重，到姐姐家里的时候，就把东西放茶几旁边，逗外甥去拿！外甥两岁了，正好动，就去搬牛奶，只见他站在牛奶旁边，蹲下马步，双手提着牛奶一下没提起来，歇了口气，只见他深呼吸，手和腰一起使劲，脸都挣红了，然后噗的一声，妈蛋，牛奶没提起来，把屎挣出来了！
我是煮茶,男,33,1757,11,https://www.qiushibaike.com/users/33491754/,饭店，一个小伙拿着钱包抢买单，一个大叔在拦着他。服务员说：“谁买都一样！”   大叔急红着脸：“我们不一样！我儿子今天领工资，说好请我吃饭，现在他拿我钱包去买单是几个意思？坑爹啊？我肯定要把钱包抢回来！”
不帅但很能干的人,男,30,3637,100,https://www.qiushibaike.com/users/9318136/,老婆有个癖好，看电视时喜欢抠脚，说了好多次她都不理我。今天去她父母家，想着当她父母面好好说道说道～
见血染冰河,男,27,141,1,https://www.qiushibaike.com/users/30055029/,说个真事，这几天刚换了新工作，在厂学习要求建立自己的档案，lz华丽丽的写完后，见同桌在此沉思；个人优点怎么写啊？我说，我念你写，这二货说好啊，我念到；不怕苦，不怕脏，不怕累。同桌说，好，就这么写。我看了看他，然后鄙夷地说；屎也能吃！没想到这二货居然写上了，写上了！
老子卖切糕的,男,26,2391,21,https://www.qiushibaike.com/users/33303677/,一个哥们在漠河那边工作，有一次，他亲眼看着他老婆，跟着别的男人跑了，然而他在屋里抽烟，无动于衷，隔着玻璃，天寒地冻的，我能清楚感受到，哥们的心有多狠。
傻晴°,女,26,1837,27,https://www.qiushibaike.com/users/23331917/,中午几个人一起叫餐，一男同事等我叫完就跟我叫了一样的！我乐呵呵的说道:哎呦，挺有缘啊，你也喜欢吃这个？
胖香,女,100,1267,30,https://www.qiushibaike.com/users/12992639/,出去买菜，我哥竟然破天荒的给我开视频，接通了问他啥事儿？他说家里的傻狗想我了！然后就把手机拿在傻狗跟前让我跟它大眼瞪小眼，，
鲁管集团公司,男,31,1602,11,https://www.qiushibaike.com/users/23387841/,读书的时候家里就一台电视，经常和妹妹因抢电视吵架。我:你以后赶紧有多远嫁多远。我妹:以后有多近，我就嫁多近。现在她回娘家的时间只要花15秒就够了。特么！婆家后门一出来就到娘家了[捂脸][捂脸]现在长辈们总拿这事笑话我们[笑哭]
糗乐乐糗,男,0,151,1,https://www.qiushibaike.com/users/30302651/,星期二的早晨雾茫茫，一单身狗小吊丝一如既往的骑着破自行车走在上班的路上。忽见前方一大美女急切的向他招手，激动的小吊急忙停下来，走到美女身旁。只见美女瞪了一眼，径直走向了出租车。
王八与蛋,男,32,7106,27,https://www.qiushibaike.com/users/16749385/,人有时候会被环境给感染。今早坐公车投币时，我前面几个人都是刷卡的，轮到我的时候，我被感染到脑乱的拿着一块钱在刷卡器前来回做刷卡动作。司机大哥也很配合的对我说：“估计有点消磁了，你要不换一面来刷？”[捂脸][捂脸][捂脸]
花七七…,男,28,4342,46,https://www.qiushibaike.com/users/34105982/,忘记带钥匙，打电话叫开锁，那师傳跟我说上门要五十块，心痛自己的零花钱，然后助跑，跳起来凌空一脚，门开了。
宿舍的床,女,31,1156,23,https://www.qiushibaike.com/users/20758927/,高中时暗恋一学霸男生，为了跟他搭讪，费劲周折坐到他后排，故意麻烦他教我，那是个靠窗的位置，他讲题的时候，一缕阳光打在他上，浑身散发着光芒，好帅呀……
—阿亮—,男,25,1244,7,https://www.qiushibaike.com/users/36867149/,一男子问老婆，为啥谈恋爱的时候一见面就来个热吻，婚后就没有了呢？老婆说：以前见面时都想知道对方吃的什么饭菜，又不好意思问，所以就来个热吻自己品尝一下，现在不用了，天天都一块吃，大家都心知肚明的，哎哎：这蒜头你还要不要我吃了哈
老婆说名字长拉轰,男,30,224,3,https://www.qiushibaike.com/users/30301907/,真的很讨厌理发的时候，理发师喋喋不休的推荐洗发水和会员卡，有和我一样的么？
昖舋,男,30,1301,12,https://www.qiushibaike.com/users/114633/,我有个领导姓乃名向前，有次陪他去医院看病，护士姐姐叫号时喊：B向前，B向前，谁是B向前。当时我忍到屁都快漏了才没笑出声，领导听见后，立马叫了医院领导来，叫来了刚才那护士姐姐训了一通，然后还很严厉的批评护士姐姐：我告诉你我这个不是B，是乃，你自己看，B是合起来的，乃（奶）是分开的，对不对！！！我当时就看了大家的脸，估计和我一样差点把屎尿都憋漏了，哈哈哈哈哈哈
丑妞*萌萌哒,女,19,3589,41,https://www.qiushibaike.com/users/29314260/,烫了个小碎卷，染了个棕黄色，男友咧着嘴说咋看都像狮子狗，，气的我不理他，躺沙发上玩手机，不知不觉睡着了，突然听到男友妈妈的声音“呦，儿子，你咋让狗狗睡沙发上了，还盖你被子，，，”
浅浅一笑恰逢你来,女,22,1501,39,https://www.qiushibaike.com/users/30818766/,公司新来一妹子，饭量小的惊人，普通的一个盒饭她也就吃四分之一，剩下的带回家，我心里想着肯定是家境不太好，于是就热心的和她订一个盒饭，让她出四分之一的价钱，这样她不至于每天吃剩饭……
傻妞也,女,98,2394,39,https://www.qiushibaike.com/users/30683297/,一直认为我朋友很害羞，追一女生都快一年了，好不容易约出来一起玩，为了帮他，我们提议玩真心话大冒险，亮点来了…终于抽到我朋友女神，她很淡定地问我朋友：最近一次打飞机什么时候想着谁，没想到这呆B秒回：“昨晚！想着你..…！” 结果他就这么把人家追到手了！
假装很坚强。,女,30,618,15,https://www.qiushibaike.com/users/12820201/,看云中歌的时候为什么看到大公子（包贝尔饰）老是想到他的光头呢？告诉我不是我一个人这样！
我就撩撩不泡你。o…,男,99,1564,27,https://www.qiushibaike.com/users/16003871/,到经常去的早餐店里吃早餐，店里面坐着几个附近工地上的建筑工人，老板一边揉面，一边和他们打招呼拉家常。
青青子衿忧我心,女,101,2036,68,https://www.qiushibaike.com/users/31370749/,半夜玩手机有点饿，跑冰箱里找了一根红萝卜吃，刚好被上厕所的老妈看到。
白雪菲菲,女,32,2527,29,https://www.qiushibaike.com/users/30187935/,小儿子一直不喜欢去幼儿园，这几天忽然很积极。问他咋回事，他说，妈妈，我有女朋友了。我问他女朋友漂亮不？当然漂亮了，我的眼光又不差。哈哈。那你女朋友叫啥名字？额，我不知道，忘问了，儿砸，你这样会失去你女朋友的[捂脸][捂脸][捂脸]
莫纳的世界,女,100,6585,98,https://www.qiushibaike.com/users/30120003/,老公出差，晚上我牛奶里泡了点饼干，抱着碗在床上正吃，忽然想起应该告诉他，我胃疼吃不下饭，怜惜下我，于是我把碗放腿上照了张图片发给他，他回:几个意思？哦，你腿上的毛太多了！
红酒+,男,27,448,9,https://www.qiushibaike.com/users/16008781/,打电话回家陪爸妈唠会磕，说到女朋友的问题，我老妈说：你长得那么帅又高怎么找不到女朋友？
我乃俗人,女,62,575,10,https://www.qiushibaike.com/users/32110347/,说个有点涉黄的。住在老公的单间男生宿舍楼里，因为种种原因，现只有我一个人住老公宿舍，老公在外地，有时候周末才回来两天。前天晚上老公回来了，因为回来的时候比较晚，所以几乎没人知道他回来了。晚上那个的时候，情不自禁的，嗯，啊了两声。老公说；你别叫啊，叫邻居听见了多不好！我也不知道咋想的。说；没事，反正他们都不知道你回来了！老公听了这话！意味深长的说；那事就更大了………
LOL勇者,女,12,1227,15,https://www.qiushibaike.com/users/37292333/,在厕所蹲着玩手机，进来一个小孩，不怀好意的对我说:“嘿嘿，叔叔，我是来抢你手机的。”
丑妞*萌萌哒,女,19,2150,51,https://www.qiushibaike.com/users/29314260/,我和男友打闹着玩，结果一不小心踢在他裆 部，他黑着脸走了，我发信息问他啥时候回来，他回复:“断剑重铸之日，骑士归来之时。”
狸土豆大人,女,99,1120,26,https://www.qiushibaike.com/users/25216936/,同事妹子去异地见网友，回来问她八卦，妹子一脸颓废，无奈的说：啥也没发生，街逛了，手牵了，看电影的时候跟他说我困了，让他陪我去睡觉，二货居然告诉我他不困…
牵你手去旅行,男,37,133,4,https://www.qiushibaike.com/users/26196888/,说今天的糗事吧，出门办事一时肚子不舒服就找厕所，大约一百米找到，急进没看男女标牌就进去了，自己的印象中应该是男厕所，也没看，进去刚想去蹲下，里面一女的抬起头说话了，你进错了吧，我当时一愣，想要说你进错了吧，脑筋反应没说，想退出去看看在说话吧，没想真进错了，当时好丢丑，如果那位女士看糗事百科，我在这说声对不起，我真不是有意的，谢谢，希望去厕所的朋友们一定要抬头一看啊
一缕冷香远～,女,100,3877,70,https://www.qiushibaike.com/users/28831688/,我们这边有个习俗，每年第一次打春雷的时候，如果在睡觉，就必须要翻个身，这样就一年无病无灾。
浅浅一笑恰逢你来,女,22,1070,24,https://www.qiushibaike.com/users/30818766/,小外甥和我姐在争论谁和我的关系最好……
月夜晓风掩玉钩,男,25,1686,26,https://www.qiushibaike.com/users/33676416/,失恋了难受，天天借酒浇愁，好哥们为开解我，这些天就让我在他家睡。
狐地瓜大人,男,28,1578,37,https://www.qiushibaike.com/users/11678685/,当年老婆还是我女朋友，我去她家找她都小心翼翼，他老爸为了防我，竟然在她房间安装了智能声控灯，只要听到一声“啪”，灯就开开关关，老婆很聪明，给我和她都做了一件开裆棉裤，从来没有被抓到过，后来我们结婚了，那个房间住进了我小舅子，这小子很惨，每次看小电影都被抓个正着……
给个调调-,男,20,222,2,https://www.qiushibaike.com/users/21515805/,今天tmd坐公交车非常不愉快的跟司机差点打起来，在公交车上面看见司机边抽烟边开车，我走过去跟他借个火，他既然对我说道车内禁止吸烟，我那个暴脾气，要不是几个人拦着我，我非要抽他不可！转！
花七七…,男,28,1726,16,https://www.qiushibaike.com/users/34105982/,那天我骑着摩托车看到路边有个性感的妹子，忍不住吹了个响亮的口哨，然后头盔就当当作响，真晦气，忘了后座还坐着我老婆。
浅浅一笑恰逢你来,女,22,5388,58,https://www.qiushibaike.com/users/30818766/,楼下有一帅哥开了一间零食店，几乎各个国家比较有特色的零食都有，经常光顾难免和他熟络了起来……
老巫婆～～,女,13,3861,35,https://www.qiushibaike.com/users/34246786/,昨天回娘家和妹妹一起打牌，我老是赢，她老输！晚上和妹妹睡一张床，半夜被她惊醒了，只见我妹挥舞着双手喊着：我有三个炸……我有三个炸……
挖鼻孔的老虎,男,100,4012,78,https://www.qiushibaike.com/users/17221979/,下班后帮女同事修水龙头，修好了她说请我吃饭，我赶着回家推辞了。
一个人的旅途oo,男,27,181,3,https://www.qiushibaike.com/users/11184469/,lz大哥比我大三岁。小的时候天天被打，每次都哭的稀里哗啦的。割……那时候就暗暗发誓，等长大了。我要让你哭的比我现在都惨！现在想想那时候挺幼稚的。虽然他现在看我不舒服就骂，但我还是感觉跟他好亲近，无论他怎么骂我，我都不生气！（而事实确是，他一米八二两百多斤。我一米七九，才一百三十多斤。你让我跟他顶一句试试！）
瞬间的巧遇,男,20,1123,4,https://www.qiushibaike.com/users/30791110/,遇到高中时的前桌女同学，拷问我为啥叫她葡萄干，一副欲语还羞的样子，就差要我为当年的绰号负责了，我楞了好久才想起来，当年夏天，她穿一短袖，背后长一粒大肉瘤，颜色形状坡似葡萄干，真的不是说你前面飞机场，只剩两粒。
我是老王还怕谁,男,99,2059,15,https://www.qiushibaike.com/users/27847952/,邻居老张儿子前几天新婚。今早在菜市场碰见老张老婆和儿子在买菜，就和他们俩打招呼顺便说了一些恭喜的话……。最后我问了老张老婆一句怎么老张和新儿媳妇没陪你们一块出来。老张老婆天生的大嗓门说，老张和儿媳妇还在家睡觉呢，我和儿子出来时他俩还没起床呢……
丑妞*萌萌哒,女,19,2064,28,https://www.qiushibaike.com/users/29314260/,表哥儿子去上学，往书包里装的四五个棒棒糖，，表嫂说不能吃这么多糖对牙齿不好，，小家伙嘿嘿笑着说“给你儿媳妇儿吃的。。”
王八与蛋,男,32,1433,10,https://www.qiushibaike.com/users/16749385/,记得刚到职工宿舍报道时，舍长带我认识舍友，他指着靠窗左边床位的舍友介绍道：“他是北丐，平时就爱收集些古古怪怪的东西！”然后指着右边的床位的舍友介绍道：“他是南帝，平时总喜欢自称为朕。”最后舍长指着我床位上铺说道：“睡在你上头的人是东邪，不太合群！”我好奇的问舍长道：“照这样来看，你是西毒？”这时舍长略为尴尬的说道：“那…那个，吸.毒已经被送去强制戒.毒了！”
小红兔小白蛇,男,30,191,4,https://www.qiushibaike.com/users/30276873/,记得原来LZ有个QQ群，群里帅哥美女很多，就是大部分没有节操……………………一日早晨，LZ正在大号。群里美女问我在干啥？我说卸货！接着美女们起哄要LZ上图。LZ对着马桶就拍了张冒着热气的热翔的照片发群里了。之后各种挨骂…据说还有正在吃早饭的…………原谅LZ实在人，万能的糗友们，告诉我，我没做错什么吧？
姑苏云琪,女,25,1285,15,https://www.qiushibaike.com/users/37076223/,和老公吵架，一气之下回了娘家，跟老爸诉说委屈，老爸生气的说:“两口子之间哪有不吵架的，世界上完美的婚姻就是无限包容，你一点小事就回娘家，能不能成熟一点？赶紧回家去。”我心有感触，深以为然。
小咪^,女,19,2253,27,https://www.qiushibaike.com/users/32685258/,表哥饭店开张，我去帮忙，在外面帮他迎接客人，我正热情的揽客，表哥把我叫到一旁“老妹儿啊，要不你进厨房帮忙去！”我问为啥？
月夜晓风掩玉钩,男,25,2534,21,https://www.qiushibaike.com/users/33676416/,我赶着上班，没注意拐角处两只狗趴着，一脚踩到白色狗狗的尾巴!
青青草原°,男,21,4886,75,https://www.qiushibaike.com/users/9531727/,跟女友一起散步，期间下了很小的毛毛雨，我：下雨了，都打在脸上了。
柳暗花明又一个,男,30,526,19,https://www.qiushibaike.com/users/24389601/,看到上饶银行职员踹小女孩的新闻，然后上网查查看，很气愤，可是更气愤的是这个事情居然双方和解了 ，和解了。受伤的女孩妈妈难道这样可恶的女人不应该受到法律惩罚吗？哪怕拘留三天也应该啊。
匿名用户,不详,不详,464,11,,星期天陪女友附近自驾游，晚上住宾馆里……割，割了吧……在做完一系列不可描述的动作之后，我们相拥看一会电视，突然
牙吃多辣糖会疼,男,36,1084,42,https://www.qiushibaike.com/users/31943444/,昨天晚上做梦把一个骑电动车的大爷撞翻了，今天早上起来被一个骑电动车送孩子上学的大爷撞翻了！
匿名用户,不详,不详,1522,19,,现在的人真是太过分了，今天中午在路上看到一个中暑晕倒的女子，本着雷锋精神，我把她搬公园里的树阴下，帮她把衣服都解开，给她做人工呼吸，谁知道她一醒来就打了我一巴掌，气的我连裤子都没穿好就和她扭打了起来！！
狸土豆大人,女,99,1390,33,https://www.qiushibaike.com/users/25216936/,一朋友是个人才，这几天跟女朋友闹的很僵，到了冷战的地步。其原因是他女友父母同一天过生日，作为准女婿，他自然得有所表示，所以他给二老一人充了五百的话费作为寿礼。。
乞人憎,男,32,158,3,https://www.qiushibaike.com/users/14088176/,新鲜出炉的，就刚刚楼下，发生的
王八与蛋,男,32,3739,18,https://www.qiushibaike.com/users/16749385/,外甥女看见我牵着狗狗出去溜时，央求也带她一起去。有了一次差点让她走丢的经历以后，我真的有点十年怕井绳的感觉。外甥女看出了顾虑，于是主动把备用狗项圈套在了脖子上……[捂脸]
十年的刺客,男,28,3957,25,https://www.qiushibaike.com/users/30936317/,住对门的小胖考试又考砸了，他爸妈联手来了个混合双打。
童.趣,男,31,1351,8,https://www.qiushibaike.com/users/32691904/,回乡下，邻居留守大哥过来聊天，我笑问他想那个了咋解决？
站上冰箱装高冷,男,36,1336,23,https://www.qiushibaike.com/users/30880816/,早早辍学在建筑工地当小工的老同学张x，这次同学聚会开着豪 车，一身名.牌，金.表在手腕上熠熠生辉。
虎头鲸凶三,男,54,7382,155,https://www.qiushibaike.com/users/30082002/,回家路过卖水果的小摊，问了桔子的价格，比超市便宜很多，于是买了两斤，老板说五块三，算五块了。我手一拎，明显一斤半都不到，但是口说无凭，我就没说什么了，走了几米，有个卖黄鳝的，我就把桔子放在他家的称上看看那个卖水果的到底多黑，结果是两斤半……呵呵
挖鼻孔的老虎,男,100,7031,59,https://www.qiushibaike.com/users/17221979/,找了哥们去桑拿，经过地摊他挑了一顶帽子试戴，然后拿起镜子看。
童.趣,男,31,3819,31,https://www.qiushibaike.com/users/32691904/,我结婚的时候，我爸对他亲家也就是我老丈人说：我几个娃儿，就这个让我最操心，这哈交给你女儿好好管管。
十年的刺客,男,28,1453,14,https://www.qiushibaike.com/users/30936317/,恋爱，总会让人迷失方向。
百里媳妇,男,34,1516,9,https://www.qiushibaike.com/users/28730286/,和媳妇闹矛盾，媳妇泪流满面对我喊道：“你太自私了，从来不在乎我的感受，只知道顾着自己。”
青春会议,男,20,188,2,https://www.qiushibaike.com/users/30102829/,在公交上，割割割……
ε仙女姐姐з,女,23,3565,91,https://www.qiushibaike.com/users/32526621/,自从发现我家狗栓不住以后，我们家开始了提心吊胆的生活。生怕它给人家咬了啊
海之灵3,女,28,1119,33,https://www.qiushibaike.com/users/34142033/,老公比较白，所以给他买衣服除了灰白黑，我喜欢买绿色系，比如暗绿，墨绿，深绿，老公说，别那天给我来个绿帽子！！！
一缕冷香远～,女,100,1433,17,https://www.qiushibaike.com/users/28831688/,爸 爸:儿子，来走两步，爸 爸这有糖～宝宝抬头看了一眼，本来站着的，一屁股坐下了。
傻晴°,女,26,1875,20,https://www.qiushibaike.com/users/23331917/,早上跟客户寒暄:吃早饭了吗？客户笑着说:不吃啦，减肥减肥！
湖东,男,34,155,0,https://www.qiushibaike.com/users/24502409/,今天晚上食堂吃饭，听到打饭阿姨在那闲聊，一个说老板今天备了100份菜，非要我打出200份，另一个说，那今天手都要抖酸了吧！果断换了一个窗口，打饭神功究竟要练到第几重？？
每站40分钟,男,0,2548,77,https://www.qiushibaike.com/users/31908202/,钓到三条大鲫鱼，以我不喜欢吃鱼的形式，请我喜欢的女同事到我家吃鱼，非常意外的是，她带男朋友一起来的，最可气的是，我在做饭时她男朋友板着她的肩膀亲她的头发，我发誓再钓到鱼喂猫也不再请她吃鱼。
铁锤他老姨,女,25,6490,53,https://www.qiushibaike.com/users/31140588/,买了一盒臭豆腐，坐公交车的时候不小心洒了，蹭在旁边大妈的衣服上，大妈气的受不了，对我说她的衣服是新买的，明天准备参加儿子婚礼的，这下全让我毁了。
吃货最怕饿梦.,女,13,1207,25,https://www.qiushibaike.com/users/24703920/,LZ挤公交车，来大姨妈，肚子疼，又站着，，有个帅哥看见我脸色苍白，赶紧起身给我让座！
嘘……！！,女,42,2098,27,https://www.qiushibaike.com/users/30096800/,刚和老公恋爱不久的时候，有一次我们俩在他家和公公一起吃饭，饭桌上老公就向我介绍起家庭成员，“咱爷爷奶奶一共生了三个儿子，大爹死了，二爹也死了”，我等了一会儿怎么没下文了，于是问：“那三爹呢？”我公公满脸黑线地瞟了我一眼：“三爹就是我呀！”顿时觉得好尴尬啊😓
米虫虫儿,女,41,142,0,https://www.qiushibaike.com/users/17687967/,"小时候的事，LZ大概十岁左右，放寒假和妹妹去乡下外婆家玩，外婆家房子后面有一条小河大概四米宽，河对面一户人家的地在外婆家前面，平时去地里干活要绕好远。他们家就砍了一棵树当作临时的桥，来去方便一点。我们没有见过这样的桥就想走走看，对面那家小孩不许我们过去就从河里挖了不少淤泥涂在上面，我们只好回外婆家，晚上正在吃饭的时候听见屋后有很大声音，跑过去一看对面小孩的爸爸因为天黑看不见树上的淤泥脚下一滑掉小河里了。当时是腊月二十几，掉水里是什么感觉恐怕只有当事人自己知道，然后对面就传来了惊天动地的鬼哭狼嚎声
…"
低调、、、*,男,32,456,21,https://www.qiushibaike.com/users/26875982/,一个人在公司太无聊了，老板是女的86年生，贼漂亮，虽然已经三十多了，但是经常锻炼，身材凹凸有型，170大长腿，人美心善，资产上亿。
肾虚-长老,男,0,1142,26,https://www.qiushibaike.com/users/33780499/,两个儿子，大的七岁 小的两周岁，晚上在家里那是一个乱啊。那天晚上哥俩抢东西玩，大的把小的弄哭了。我把哥俩叫一起站着说：爸爸养不起你们两个了，必须卖一个，卖谁？问小的：你说卖谁？小的说卖哥哥；我问他哥哥卖谁，他说卖弟弟，小的说卖哥哥，大的就说卖弟弟，争论半天，，好家伙哥俩差点没打起来，心好累啊！二胎怎么不是姑娘啊。
吃货最怕饿梦.,女,13,3031,81,https://www.qiushibaike.com/users/24703920/,傍晚大风呼呼的吹着，我牵着金毛艰难的走着，感觉像是要被风吹跑了！一阵大风猛烈吹来，金毛突然趴我身后不走了，风头吹过，金毛快速跑起来，，，又吹来一个大风浪，金毛又躲我身后！！
王八与蛋,男,32,1253,4,https://www.qiushibaike.com/users/16749385/,“你看这菜，色香味俱全！这刀功，把食材雕刻得栩栩如生，这哪是菜啊？这就是艺术品！艺术品是无价的！”
good_feng…,男,28,293,29,https://www.qiushibaike.com/users/1015297/,每天都会有拉翔的感觉，然后去厕所边看这坨边努力，但每次只是放一些气，然后拉出几颗翔，没错，就是一颗颗的，估摸好几个礼拜了，请问我是不是会变成羊啊？急，在线等！
来呀！来抓我呀~,女,27,1288,28,https://www.qiushibaike.com/users/34350130/,和老公去逛街，穿着高跟鞋走了好久，脚痛得走不动了，就跟老公撒娇，想让他背我。老公心疼地看着我，说：媳妇，脚很疼是不是，来，把鞋子脱了！
艾玛*^o^*ZW…,女,23,1331,19,https://www.qiushibaike.com/users/31514471/,好久不见的老同学聚会，落座后我发现旁边坐着那个当年被我发过好人卡的男生。我笑说：“时间过得好快，这些年，你过得还好吗？”同学们都纷纷表示既然你们俩现在都是单身，就先由我俩互相说一句悄悄话…我满脸期待的看着他，他摇摇晃晃地走到我桌子旁，弯下腰小声对我说：“当年我没得选，现在我只想当个好人…”
夕冬温存,女,29,1297,35,https://www.qiushibaike.com/users/31031076/,这一天我刚走出门，也不知道那个熊孩子在门口放了一个石头，我一脚踢上去把腿就瘸了，我一步一步往前走，结果看见有个女孩和我一样瘸腿前行，我觉得这画面很搞笑，就咯咯笑了起来，没想到女孩也笑了起来，还凑到我跟前问道:“你昨天也刚新.婚吗？”
贱゜人゜余,男,98,2413,37,https://www.qiushibaike.com/users/36760891/,听老婆说，她闺蜜的妈妈竟然去北大做清洁工，我有点不敢相信，问道:“你不是说闺蜜家很有钱吗？怎么让她妈妈去当清洁工了？”
深色忧郁,男,31,167,1,https://www.qiushibaike.com/users/27611876/,简短捷说:我讨厌三种人:
十年的刺客,男,28,5676,76,https://www.qiushibaike.com/users/30936317/,带小外甥去理发，他理完站起来的时候绊了一下撞到面前的理发桌，桌上的镜子掉下来摔个稀碎。真倒霉。和理发店老板一番讨价还价后还是赔了800。
匿名用户,不详,不详,5266,121,,同学聚会，期间一个同学说自己刚买了车子，房子花了几百万，好辛苦什么的。
王云（笨笨）,女,25,1216,45,https://www.qiushibaike.com/users/33542137/,大学的时候，有金工实习，就是让学生了解并学习使用一些机床。
青青子衿忧我心,女,101,1405,15,https://www.qiushibaike.com/users/31370749/,买了两只小乌龟回来，给小金鱼做个伴。
我乃酒会会长,男,99,188,2,https://www.qiushibaike.com/users/11459819/,（转）昨晚和几个哥们去唱k，唱到一半特么停电了，叫了服务员问什么来电，他说出了点故障马上就好，就这样几个哥们静静的坐在包厢里等，没过一会两个身影晃了进来，嗖了一声，把门给关了，嘴里还说，亲爱的，停电了，这里面没人！没人？你怎么知道就没人了～～～[偷笑][偷笑]
好吃的焦糖饼干………,女,84,4684,24,https://www.qiushibaike.com/users/9214729/,侄子考试又没考好。放学一进门，见爸爸妈妈、爷爷奶奶坐在沙发上，全都看着自己……
丑妞*萌萌哒,女,19,3179,35,https://www.qiushibaike.com/users/29314260/,表妹儿子疝 气，需要手 术治 疗，手术那天，小家伙躺在手术台上问医生，叔叔，别都给我切了，我不想蹲着嘘嘘，，医生都被他逗乐了“宝贝，做完手术，你会尿的更远。。”
傻月.,女,30,1582,20,https://www.qiushibaike.com/users/27226098/,晚上做梦梦见同事媳妇死了（他还没媳妇），第二天跟他说这个梦，同事一脸古怪的看着我，说:半夜我抽烟把女票烫坏了，漏气了，理论上来说，确实是死了。。。。
风吹屁股蛋子疼,男,35,2463,12,https://www.qiushibaike.com/users/36912791/,“老弟，你小时老漂亮了！好多邻居都抢着和咱们定娃娃亲！”
匿名用户,不详,不详,154,1,,发一个家人的，妈：儿子啊，赶紧找个女朋友吧，都30了，我：我怎么才算到自己28呢，30哪里来的 ？妈：虚岁算一岁，在我肚子里也算一岁！30！我：那你咋不把我在我爸身上那30几年也算上呢，算上我都快赶上退休呢。。妈：好吧，你赢了。。。。。
来呀！来抓我呀~,女,27,2570,23,https://www.qiushibaike.com/users/34350130/,心情不好去体育馆跑步，低着头猛跑，忽然一头撞进个人怀里，撞得我头晕目眩，一时泄气了，直接瘫坐在了地上，那人看着地上的我，大叫：卧槽卧槽，这跑个步还能碰到碰瓷的！
绿萝爬山啦～,女,28,1254,34,https://www.qiushibaike.com/users/31706839/,晚上，男票爬上床，贱兮兮的说：媳妇，摸摸小馒头，摸几年，我就能给你摸成大馒头啦！
丑妞*萌萌哒,女,19,4204,56,https://www.qiushibaike.com/users/29314260/,小侄女淘气被嫂子训“你说你天天跟男孩一样小心长大了嫁不出去。。”
星劫,男,27,1257,24,https://www.qiushibaike.com/users/14849114/,女同学国外回来请我吃饭，我带着老婆一起去了。
灯火阑珊处·,男,26,2623,31,https://www.qiushibaike.com/users/29261092/,楼主打工汪一枚，工资三千左右，今天一朋友给我电话说要把去年借我的两千块还给我，立马给卡号，刚刚到账了，感觉就像是路边捡到两千块一样，有木有同感的，不是挖坟，绝壁真事
毓杭,男,0,394,7,https://www.qiushibaike.com/users/35021945/,小的地摊货一枚，卖点水果蔬菜。有一种大大红红的苹果。8元一斤。有一个大姐，买苹果。为了卖相好看，都堆的满满的。她拿的时候我就玩笑的提醒她，姐，易碎食品轻拿轻放哈。她拿的时候我就在心里不停的祈祷，不要碰坏了，不要碰坏了。但是，还是掉了一个在地上了，我的大苹果啊！！！摔残疾了。意料之中，她没有把她摔坏的大苹果放在她要称的袋子里。当然了我也没说什么，当我家宝宝有口福了吧。奖励他们一个大苹果，一个人一半。（太大了一个人吃不完）
姑苏云琪,女,25,1399,19,https://www.qiushibaike.com/users/37076223/,晚上和老公亲热的时候，脖子上中了好几个草莓。
花七七…,男,28,1522,23,https://www.qiushibaike.com/users/34105982/,徒弟在部队呆过，刚才问他打过几次枪，他犹豫了一下，问：“打哪种枪？”
一缕冷香远～,女,100,3043,27,https://www.qiushibaike.com/users/28831688/,我爸比我弟弟大37岁，人也显老。我弟弟读高中的时候，我爸去学校看他，他的同学对他说：你爷爷来看你来了。
逗逼的蓝小胖哇,男,17,277,9,https://www.qiushibaike.com/users/16712895/,刚刚QQ删好友。好吧我后悔了。QQ妹子400多。被我硬生生删到137。好吧我嫌不好听。然后又删到99。现在想想。
春水无边,女,28,2877,55,https://www.qiushibaike.com/users/33028477/,表姐是胸外医生，隔壁妇产科，产妇生产时大喊大叫。她看不惯，常说：“生个孩子多大的事，叫啥叫！”，
狸土豆大人,女,99,1392,59,https://www.qiushibaike.com/users/25216936/,男友出国回来送了盒巧克力，我比较没出息，开心好久。那天他说漏嘴，得知这盒巧克力是以前送前女友被嫌弃后给退还回来的。然后这货就留着，再次把它送出去时，告诉我这是特地给我带的礼物。
贱゜人゜余,男,98,1214,17,https://www.qiushibaike.com/users/36760891/,工作时间接到前台小妹的电话，电话那端强忍着笑意让我去拿快递，我很纳闷，这几天也没买东西啊。
跑呀！跑不掉了吧～…,男,30,1418,37,https://www.qiushibaike.com/users/35959614/,女友在绣十字绣，我在旁边看着，忽然女友一失手，针扎到手上了，我忙拿起她的手边看边说：没事没事，没流血，不痛不痛啊！
就是看看了,男,40,174,7,https://www.qiushibaike.com/users/18204017/,今天晚上下班听交通广播，一大车司机反映，说交警给他来了一张安全设备不符合的罚单，主持人问是什么不合格？司机说交警说我的轮胎磨的太薄了。轮胎磨的太暴了，这是我听说过最奇葩的罚单了吧
来呀！来抓我呀~,女,27,1583,21,https://www.qiushibaike.com/users/34350130/,女儿最近看古装电视，看到用银针试毒，觉得很神奇，研究了好一阵！昨天带她回老妈家吃饭，嫂子一把菜端上来，女儿忙把自己手上的银镯子褪下来，放到菜里面，还对我说：妈妈，先别急着吃，不是在家吃饭，要先试试毒，防人之心不可无！
十里柔情一帘幽梦,女,100,10026,214,https://www.qiushibaike.com/users/8737794/,下午同事给我一包减肥茶，我喝了，别说，效果又快又好，我一下午都在厕所里渡过，客户被同事一个人全接了！
贫嘴成老实,男,25,1127,33,https://www.qiushibaike.com/users/32886720/,最奇葩的表白
花七七…,男,28,2306,25,https://www.qiushibaike.com/users/34105982/,公交车上，人比较多，我站在过道。
大激哥,男,24,185,11,https://www.qiushibaike.com/users/30175658/,宝贝女儿很喜欢家里大黄，可是就昨天
贱゜人゜余,男,98,8051,45,https://www.qiushibaike.com/users/36760891/,自从上次公司聚餐我带老妈去了以后，一女同事开始隔三差五的对我示好，经常关心我。虽然自己有点小开心，可是毕竟是有老婆的人，这样让人家上心不好。于是单独叫她出来，委婉的表达了自己的意思，她一脸惊讶“小海，你想什么呢？我是看你 妈单身，刚好我爸也单身，想着让他俩认识一下”……
转眼成了大叔,男,36,2549,52,https://www.qiushibaike.com/users/20869641/,每次同学到我家聚会，总能看到同学你忙碌的影子，饭前煮饭洗菜，煲汤炒菜，饭好抹台洗碗，而我都是在一旁和他们打牌作乐，看着你忙的满头大汗，仍然把卫生搞好，后悔当初没有把你娶回家，突然觉得悲从中来，命运为何如此捉弄人，这么好的同学，为什么不是个女的呢
傻晴°,女,26,5190,151,https://www.qiushibaike.com/users/23331917/,房东家刚买了一颗长满果实的橘子树，每次路过都想偷偷摘两个！
LOL勇者,女,12,1276,0,https://www.qiushibaike.com/users/37292333/,儿子 你是星爷的粉丝我没意见，毕竟爸爸也喜欢星爷，可也不带这么玩的，手机里爸爸我的备注是猥琐的小强，这我认了，可你给你妈备注小气的旺财就过分了，你这么诚实不怕被打死吗……
是小仙女姐姐,女,22,188,27,https://www.qiushibaike.com/users/11068442/,最近胃疼老治不好，早上去医院复查，医生拿着我的血样报告和病例仔细研究了半天，神色越发凝重，吓的我冷汗直流，忙问：“医生，是不是……”他点点头：“问题有点麻烦。”说罢，他在我满是泪光的注视下把病例交给助手，说：“去问问药房小张，我之前写的是什么？”#每一个医生都是上辈子折翼的书法家#
童.趣,男,31,1118,12,https://www.qiushibaike.com/users/32691904/,老婆刚嫁给我的时候还不会打麻将，受我影响也开始玩，几场下来问她战果如何？
花七七…,男,28,1188,13,https://www.qiushibaike.com/users/34105982/,徒弟向我借钱，我问他用来干什么。
道士下山会女神,男,99,3171,62,https://www.qiushibaike.com/users/30201529/,跟老婆是自由恋爱，第一次去她家，丈母娘就狐疑的问我：你真是第一次来我家？
偷惢,女,28,1262,11,https://www.qiushibaike.com/users/32236400/,侄子换牙期，嫂子炖了排骨特好吃，他啃的时候没注意，一下子把门牙啃掉了。吓的哇哇大哭，我们怎么哄都哄不好，最后老哥说:你再哭，再哭不给你吃排骨了！
土匪王二宝,男,28,145,6,https://www.qiushibaike.com/users/30213637/,有次在家煲排骨！我把洗好的排骨倒进锅里，待水开，我用勺一搅拌，天，满锅的泡泡，还是生姜味的………！浪费啊！
阿斯蒂芬更好,男,38,416,4,https://www.qiushibaike.com/users/28185560/,去健身房多少有点撩妹的因素，可惜我们去的地方比较偏，很少有妹子光顾。
aiboat,男,30,1831,26,https://www.qiushibaike.com/users/1521629/,当年高三我们班有一个哥们，白天睡觉，晚上自学，成绩一直前三名......结果高考的时候睡着了
一缕冷香远～,女,100,5035,43,https://www.qiushibaike.com/users/28831688/,娃儿换牙，牙齿松了，他爸说给他拔掉，他哼哼唧唧的捂着嘴不让拔，他爸训他：“男子汉大丈夫，像个小娘们一样，我当年牙齿松了，自己用手捏住，一发狠就拔下来了。”
傻月.,女,30,1332,13,https://www.qiushibaike.com/users/27226098/,虚哥上班时手机不小心掉润滑油油池里了，手机还能用，就是偶尔会往外渗油。
要你何用祥,男,0,181,3,https://www.qiushibaike.com/users/30140470/,今天一位女性朋友打扮的很漂亮、很性感、
云庭初上,男,28,1567,62,https://www.qiushibaike.com/users/29248956/,以前有过刻骨铭心的初恋，没成。后来娶了现在的媳妇，她有洁癖，我骗她第一次就给了她。。有天早晨，她一脸寒霜“小美是谁？你梦里一直喊她……”
勇敢的小红军,男,34,7065,133,https://www.qiushibaike.com/users/10413669/,我做软件开发的。一次叫个外卖（不提名字以避免战争），吃饭时，送外卖的小哥帮我调试程序，居然把我2天没修改好的程序改好了。我现在既没脸送外卖也没脸当程序猿。
对方正在偸人...…,男,29,3470,63,https://www.qiushibaike.com/users/16314065/,晚饭后老婆说，嫁给我这么多年，一直不知道挨揍是什么滋味，让我揍她几下！
贱゜人゜余,男,98,7963,139,https://www.qiushibaike.com/users/36760891/,上学的时候，最喜欢欺负女同桌，这小丫头片子心眼少，容易欺负。
红糖暖胃不暖比@,男,32,338,15,https://www.qiushibaike.com/users/27233104/,楼主在北京打工，有一同事一块工作两年多了，关系特别好，也知道楼主是农村人，最近聊天经常说农村人怎么怎么的，公交车上都是农村外地人抢座什么的，没素质，北京人就干不出那事，听着特别不顺耳。前天去参加他一个亲戚的结婚典礼，吃的流水席，回来就说流水席怎么怎么不卫生，恶心人呢，我都吃不下去怎么怎么的。一天天还崇洋媚外，说国外怎么怎么好，别的国家的素质高，和我们北京人一样，有文化，素质高。真不嫌害臊。现在我看见他怎么有一种厌恶感呢。真心鄙视这些看不起农村人的垃圾人。
花七七…,男,28,1320,22,https://www.qiushibaike.com/users/34105982/,今天等公交车时，放了一个响屁，就看到旁边的大爷一脸鄙视的看着我！
嘻哈汉子,男,99,5490,78,https://www.qiushibaike.com/users/32746060/,我给我姐指挥倒车，第一次就把我撞沟里去了，我爬出来之后，我姐第一句话是‘你干啥去了，不好好看着，我差点倒沟里去’[泪奔][泪奔]
帝国守卫,男,83,1545,35,https://www.qiushibaike.com/users/11837809/,公司老板的司机被开除了！
云庭初上,男,28,5348,87,https://www.qiushibaike.com/users/29248956/,~儿子一年级数学只考了75分。我训他咋考的这么差。他嘟囔：“我那天头疼，我难受没发挥好……”
忆夕陌,男,25,1434,8,https://www.qiushibaike.com/users/30281962/,记得上初中的时候期末考试，有两个监考老师都是男的，不知道是谁的卫生巾掉地上了，老师以为是我们作弊的答案纸呢，赶紧走过去捡起来看看，当时老师脸都紫了，说了句“这是什么玩意”赶紧扔一边去了……
吃了两碗又盛,男,39,4181,35,https://www.qiushibaike.com/users/32215536/,昨天过生日，却赶上了好朋友的婚礼，晚上未能回家团聚，在外面喝了半宿。
夜袭女兒國,男,25,3499,26,https://www.qiushibaike.com/users/28714440/,今天老妈做饭，我过去对她说:“妈，我帮你。”
吃了两碗又盛,男,39,4540,31,https://www.qiushibaike.com/users/32215536/,给儿子买了一套新书，他爱不释手，作业都耽误写了。催他好几次，他总是用“马上了”敷衍我。我说:你都“马上”了一个小时了，什么时候才能开始写作业？
Hunter、执念…,男,24,1577,20,https://www.qiushibaike.com/users/33431996/,转:她小时候怕打雷，每到雷雨天，妈妈都开着灯陪她睡。长大后，母亲患了老年痴呆，经常做些不可理喻的事。渐渐，她对母亲失去了耐心。这天下班回来，雷雨交加。母亲站在椅子上拧灯泡，她吼：“你就不能给我省点心，摔坏怎么办，下来！”母亲说：“我想把灯打开，怕你害怕。”
不知不觉的年纪,男,29,8401,61,https://www.qiushibaike.com/users/11086904/,老婆 :老公，我感觉我生病了，浑身没劲，我要死了。
匿名用户,不详,不详,1284,10,,自从旁边的公司的女新手司机把门卫的园区大院自动门撞坏后，
林晓九,女,23,1188,30,https://www.qiushibaike.com/users/30074144/,朋友想买个二手电动车，车主要价六百，这哥们做人有原则，就认定700以下的绝对赃车！逼着人家涨了一百五才买了.....
妖怪放了我爷爷。,男,22,5658,31,https://www.qiushibaike.com/users/26636234/,4岁的外甥女天天缠着我姐让我姐带她去海洋馆，我姐工作忙没时间让我带她去，于是我把她带到海鲜市场玩了一上午，还给她买个小龙虾玩。
王八与蛋,男,32,1135,4,https://www.qiushibaike.com/users/16749385/,吃午饭的时候，拼桌的师傅开着免提指导对方远程操作说道：“你先双击桌面！”然后从手机那头传来乒乒乓乓物体摔落的声音，伴随着一句：“艹！力大了！拍得桌子都塌了！”[笑哭][笑哭][笑哭]
谁许@一生,男,24,137,13,https://www.qiushibaike.com/users/24363273/,今天看个新闻，捐精40克，再加上288元，给   肾6s，大神们你们怎么看？
静默年华q,男,28,468,8,https://www.qiushibaike.com/users/32185507/,"那是一个夏天，我在上初中，午休时分，突然尿意来袭，厕所离宿舍有三百米，于是我不慌不忙的拿了个方面面袋子，在门后边尿在袋子里，门外边有颗挺粗的树，我照着树扔了出去，特么的突然从树后边出来个同学，我喊了声，嗨，注意，那哥们一掉头，尿袋正中他额头，他可能是睁不开眼，用迷离的眼神看了我一会，然后开始疯狂的干呕，方面面袋在一旁的地上略显尴尬，我们宿舍三十多个人都快笑疯了，然后那哥们迅速的跑向水龙头没脱衣服直接冲了起来，然后就没有然后了，毕竟我上学那会挺厉害的，他没敢找我后事……现在想想还觉得挺对不住那位兄
…"
青刺莓,女,99,1869,23,https://www.qiushibaike.com/users/28437800/,有位顾客带了她四岁儿子来。小正太中途给我要了一个杯子，一直挺安静的。
ε仙女姐姐з,女,23,1083,28,https://www.qiushibaike.com/users/32526621/,我家今天就我自己在家
青刺莓,女,99,1579,20,https://www.qiushibaike.com/users/28437800/,天气暖和，换店里的床单被罩（美容院）时，无意中发现有张床底板上用透明胶粘了一撂人民币!
做你的明天,男,25,4924,48,https://www.qiushibaike.com/users/8861246/,今天相亲，妹子挺漂亮的，见面直接来了一句我们结婚吧，当时就给我惊呆了，想让我喜当爹？我果断拒接了，然后妹子说：等的就是你这句话，转身就走了
你家邻居叫马乐,男,34,2277,85,https://www.qiushibaike.com/users/190315/,有天晚上，老婆在帮我补袜子，我笑她补的难看，她一生气，抓起一把绣花针扔到了被窝里，然后气嘟嘟的回主卧去了，并且反锁了主卧的门。
吃货最怕饿梦.,女,13,7043,85,https://www.qiushibaike.com/users/24703920/,晚上加班完同事们陆续走了，就剩下我和老总，我尿急去了厕所，等我出来时，老总正笨拙地一蹦一跳的唱着：小兔子乖乖，，把门开开，，，老总看见我后脸红的挠挠头：这是昨天晚上我闺女教我的，说是家庭作业必须完成，晚上回家她要检查，我看没人了就想练习下，，，
挖鼻孔的老虎,男,100,5758,34,https://www.qiushibaike.com/users/17221979/,我们公司的美工，上班九小时几乎都戴着耳机听歌，我觉得他迟早要聋掉。
（驹迷）真的爱你,男,19,12403,107,https://www.qiushibaike.com/users/22085995/,戴着墨镜等红灯，旁边妹子在打电话，听声音是真甜，扭过头看看她，然后她在扭过头看看我，，面对面对视，艾玛，这长得美若天仙，正当我陶醉时候，人家对着电话道:你等会啊，我旁边有个盲人，我得扶他过马路！！
西柚的幼,女,19,160,0,https://www.qiushibaike.com/users/30165563/,我们数学老师有次和我们聊天，说“昨天有个学生没来看我，我问他为什么”，然后一逗逼说“因为爱情”，老师一笑说“我和他是兄弟”然后那逗逼叫了一声说“老师你口味好重，竟然喜欢男的”。。。然后全班都笑疯了。
堂天柴火,男,19,1442,32,https://www.qiushibaike.com/users/32923253/,前两天和几个同学出去，在斑马线一边等着过马路，几乎所有的车都是呼啸而过，丝毫没有停下来的意思，只有一辆标志4个O的车停下来，响了响喇叭让我们先走，内心超级感动的[传情]
二货*°萌萌哒,女,19,2996,39,https://www.qiushibaike.com/users/25190748/,楼主护士小姐姐，长相还算标致。
媳妇就是老大,男,0,4151,37,https://www.qiushibaike.com/users/36810981/,"小时候看电视里面高手的逼格都是：你先出手吧,我让你三招！一次和班上一同学打架，忽然就想起了电视里面的剧情，然后就对他说：你先出手吧，我让你三拳！结果特么那货三拳给我打倒摔地上摔晕了！从此我有了个外号——三拳倒！"
丑妞*萌萌哒,女,19,5161,84,https://www.qiushibaike.com/users/29314260/,晚上出去遛狗，我家狗特财迷，看到啥捡啥，上次捡一块钱，上次捡个钱包，还有一次捡个套套……今天更过分，居然叼着一个喝醉躺在路上人的裤腿，叼了半天没叼动，又叼着我的裤腿把我拽到酒鬼跟前，，
非法用户名lkKx…,女,23,7878,131,https://www.qiushibaike.com/users/29482428/,最近发现了单位两个领导的婚外情，一对就让我够吃惊的了，竟然还两对而且四个人还都是本单位的！天天看着他们演戏，都没有哪部电视剧能吸引我了...
赵芳84,男,0,1127,50,https://www.qiushibaike.com/users/36672297/,就刚才开车后面的车开着远光照的眼都看不清，我减速，让道，他走在我前面了，我默默的打开远光这样照着他，我也不知道对不对。
十里柔情一帘幽梦,女,100,1150,10,https://www.qiushibaike.com/users/8737794/,老公喜欢在我身上种草莓，一次穿低领衣服，脖子上的印被我老妈看到了，我不好意思地解释到：不小心磕到了。
舞阳渔夫,男,17,3203,24,https://www.qiushibaike.com/users/22864325/,某人常去嫖娼，一天身体不舒服，但本着轻伤不下火线的精神，还是去了，结果做着做着就吐了。恰在这时，警察来扫黄，把他给抓了起来。询问时，他大呼冤枉：‘’警察同志，嫖娼是不可能的，你们也看见了，我晕B！‘’警察当时就笑喷了，第一次听说有晕B的。
编剧都编不这么巧,女,36,1582,2,https://www.qiushibaike.com/users/36599422/,去超市听营业员说：没事儿，输入这些钱就行，你点开以后，马云直接就给你报（销）了。心想，艾玛好大的业务，马云还给报销。回头一看，原来是营业员在教一位顾客用支付宝扫红包付费。
巭孬嫑昆#,男,26,148,1,https://www.qiushibaike.com/users/30082242/,几百块钱对于我来说那也叫钱？呵呵....真逗！
绿萝爬山啦～,女,28,2159,17,https://www.qiushibaike.com/users/31706839/,麻将馆里，来了一个40来岁的大姐，找到她老公，哆嗦着说：你玩麻将上瘾了？气死我了！
风吹屁股蛋子疼,男,35,5197,50,https://www.qiushibaike.com/users/36912791/,二宝三岁了，还不会褪裤子尿尿，自从上了小小班后，几乎天天在幼儿园尿裤子，她妈妈就问二宝是怎么回事？
二货*°萌萌哒,女,19,3669,38,https://www.qiushibaike.com/users/25190748/,学车中，我好好的开着车，突然教练一个刹车，我无解的望着他，只见他说，你这样开车是不行的，要这样这样，边说边让我让他，他来示范给我看，顺手又把手机扔给我，让我给帮他把这把农药打完，说再这样下去就要掉到青铜了！
123开始猥琐,男,26,4018,30,https://www.qiushibaike.com/users/32931614/,媳妇带着儿子去走亲戚去了，到了之后给我打电话说儿子尿床了洗衣机也坏了，  我赶忙跑到卫生间一看，洗衣机确实坏了，就是大盆里的水已经接好了，洗衣粉也准备好了……
真是个好孩子,男,32,165,3,https://www.qiushibaike.com/users/12999053/,今天和一女性朋友聊天，我问她在干嘛呢？结果她给我回：没干ok.这是几个意思，
夜凉尽,男,24,729,38,https://www.qiushibaike.com/users/32955640/,今天从南京回来，1.23的火车，6.50到站，坐了一夜，我和一个女生之间就隔着一条走道！前景介绍完毕，割……
吃货最怕饿梦.,女,13,2032,32,https://www.qiushibaike.com/users/24703920/,买早餐煎饼果子，是一对小夫妻卖的，男的一边给我做煎饼果子一边骂他媳妇：天天就知道玩手机，啥也不会做，花钱比谁都厉害，，，叽里呱啦说个没完！
林晓九,女,23,1681,25,https://www.qiushibaike.com/users/30074144/,朋友写爱情小说的，什么纯情故事、相思虐恋 还小有名气！最近却一直不更新了，刚才问他为啥，他解释“最近查得严，桑.拿.会.所都关门了，不去那体验生活我写不出来......”
我是煮茶,男,33,3359,100,https://www.qiushibaike.com/users/33491754/,好些年前，刚工作，要租房。我去看了一些公寓，海景洋房，还有别墅，在精挑细选之后，我发现它们有一个共同的特点！那就是，我都租不起。
╭(╯ε╰)╮一号…,男,27,139,1,https://www.qiushibaike.com/users/17686039/,媳妇一直不喜欢吃核桃，怎么劝都不吃，是这样割的么，昨晚她在床上看电视，我在外面，突然叫我拿六个核桃给她，我就奇怪了今天想通了，还一次吃六个，我就拿了进去，她看了眼睛都绿了，，说:“冰箱里，六个核桃”才反应过来，难怪她叫我二货呢，额。。。
偷惢,女,28,1117,12,https://www.qiushibaike.com/users/32236400/,学校附近新开个补习班，上面打的广告提前交齐三个月的补课费有礼品赠送。小侄子放学后看到后，为了要礼品，吵着要换到那个补习班上课，嫂子没办法只好换了，并交齐所有费用。
我是煮茶,男,33,2190,10,https://www.qiushibaike.com/users/33491754/,我朋友身上有道疤很长，我问他咋回事？他点根烟说：“我小时候晚上出去玩，四处乱跑，掉煤堆里头！”我：“被煤弄伤了？”   他吐一口烟：“我好不容易爬了出来，浑身黑乎乎走在路上，别人看不见我，被人用摩托车撞的...”
匿名用户,不详,不详,2004,58,,不知道大家是不是和我一样，当初老婆怀孕时，我其实对肚子里的宝宝没太大的感觉，知道儿子出生后，越带越爱他，经常是看到他就忍不住想亲他一口。现在这小子一天不在边上就感觉空落落的。
ε仙女姐姐з,女,23,2438,39,https://www.qiushibaike.com/users/32526621/,农村前十多年冰柜还没普及。于是夏天买的肉什么的放在菜窖里。
非法用户名aEZR…,男,23,123,2,https://www.qiushibaike.com/users/27946034/,LZ男，2010年读初三的时候那个时候手机比较少，只有少部分调皮的学生有手机，而且一直没被老班抓到。然而有一次，某男一玩手机就被班主任冲进教室绞掉了，后来才知道原来老师偷偷加了他的QQ（他不知道是老班）正等着他上线，一看到上线马上就跑来教室………
狸土豆大人,女,99,1572,12,https://www.qiushibaike.com/users/25216936/,过年的时候表哥不小心摔坏一个碗，姨妈让他说句碎“碎碎平安”除晦气，结果他脱口而出“阿弥陀佛，阿弥陀佛。”姨妈很生气的说表哥：难怪现在都还没结婚，我看你还真的是天生和尚命！
黄山小妖,女,24,1653,14,https://www.qiushibaike.com/users/20164589/,我跟同学说道：“这家卖手抓饼的特别火，你看这队排的，估计要等上半个多小时...她笑了几声，自豪的说道：“看我的！”随后她就挤到最前面，小声说道：“给我先来两张饼，我着急...”结果只等来了一句：“请后面排下队...”她当时就喊道：“妈！是我呀...”她妈看了她一眼，然后大声喊道：“滚后面排队去！”
匿名用户,不详,不详,1289,18,,女儿咳嗽我不给她吃零食，她就求她奶奶。奶奶说，不可以哦，你看你妈妈在瞪我，要是我给你吃，我老了你妈肯定不给饭我吃！我女儿小声的说，奶奶你放心，你给我吃一颗糖，等我长大了，赚的钱都给你买饭吃，不给坏蛋妈妈……好吧，恶人永远是我！
偷惢,女,28,2430,27,https://www.qiushibaike.com/users/32236400/,哥哥和嫂子昨晚打起来了，听说原因是哥哥送了礼物给嫂子，我就纳闷了，送礼怎么会打架呢？
@晴天你好嘛,男,25,161,4,https://www.qiushibaike.com/users/30160391/,撸主大四狗，前几天去通宵上网，出来了发现自行车不见了，自行车大一买的。。。割了偷车的傻叼。。。我们学校车子丢了一般都是换个地方，然后我就寻思着去找找，先是在学校里逛了逛，然后没什么卵用，就出了学校，去之前上网的网吧那里看看，别说，还真给找到了，大早上的，车子孤零零的停在路边，跟之前上网的网吧也就一个拐角就到了，这不是重点，重点是车子没事儿，车锁不见了，偷车的，你是偷完车去旁边网吧上网去了嘛？果断骑着就走～
宿舍的床,女,31,1652,14,https://www.qiushibaike.com/users/20758927/,小叔子结婚，司仪打趣新娘:婚礼前来过男方家吗？新娘:来过。
才子爱欣欣,男,24,2952,32,https://www.qiushibaike.com/users/37349346/,昨天和客户吃饭，中途出来打个电话。我穿了个西服。白衬衫。挂了电话发现一个大哥喝多了，我就好心扶了一把。这大哥给我了20小费。你鹏哥第一次这么挣钱。我当时瞬间万头草泥马飘过[捂脸]最可气的是我和媳妇说这事，她马上掏出20来，小伙给大爷倒杯water
林晓九,女,23,5700,49,https://www.qiushibaike.com/users/30074144/,陪闺蜜桃子去剪刘海，她跟理发师说“剪个漂亮点的刘海，你要是剪的不好看 我可不给钱！”
你家邻居叫马乐,男,34,7317,98,https://www.qiushibaike.com/users/190315/,乌鲁木齐机场，排队等待安检，快到我了，安检员小姐姐让脱鞋，我捂住鼻子正准备脱鞋，她赶紧叫住我：先生请稍等！
暴躁小屁孩,女,23,149,5,https://www.qiushibaike.com/users/30046736/,剛才陽台收衣服的時候聽到一個女聲說我好熱，我好暈！想到什麼畫面糗友們都懂吧！我看下去是幾個小學生在玩，一個女孩躺著，另一個女孩摸摸她的肚子和頭說你是避孕失敗了。現在的小學生這麼成熟，真的好嗎？
匿名用户,不详,不详,1634,50,,又到换季买衣服的季节了，跟老公逛街看中一件衣服试了一下还行，就问老公好看吗？老公看了看衣服上的价码说不好看，又试了几件都说不好看，我说我觉得都好看，都要了吧，再给你次机会，说哪件最好看，老公走到我跟前趴我耳边说，你不穿衣服最好看……尼玛铁公鸡，看老娘不劈了你
润雨润无声,女,28,2613,44,https://www.qiushibaike.com/users/30462269/,我以前救了一只受伤的小狮子，痊愈后就放生了。 两年后我路过那个草原，它看着我，我看着它。我们都向对方跑去。等我们距离只有两米的时候，我发现，我认错了。。
ε仙女姐姐з,女,23,5727,95,https://www.qiushibaike.com/users/32526621/,我家狗  名犬。中华田园犬。
春天的故事多多多,男,45,1246,14,https://www.qiushibaike.com/users/23516205/,小姨子拿着一元的硬币问：“割割割，为什么有一的是正面，菊花的是背面？”我脱口而出：“你见过谁的菊花长前面的！”瞬间媳妇家暴。
很哇塞的隔壁老王,男,27,147,2,https://www.qiushibaike.com/users/30088412/,务必请看……
亚强精修,男,35,1663,64,https://www.qiushibaike.com/users/31655751/,"和老婆冷战五六天了，此为背景，……儿子七年级读书住校。大前天开始她跑去儿子床上睡。今天周六上午补习完后儿子就回来了，今晚照例我最晚睡，照例手机照明着上楼进房间上床睡觉，发现今晚老婆回房间床上睡了。后背对着我，心里想着搂过去就好了，搂第一下推开了，再搂干脆趴那睡了，好吧，不管三七二十一，把手插进短裤里从股沟往前就一顿搓，头几下没反抗，然后就把我手抓住抽出来了，我心想不让直接摸下面我就先摸上面，一摸平的，以为搞错前后面了，换另一面也平的。这个时候我有点懵了，赶紧摸脸摸头，我日哦，是我儿子。这下完蛋了
…"
丑妞*萌萌哒,女,19,1869,23,https://www.qiushibaike.com/users/29314260/,周末休息，十点多了我还没起床，被老妈各种数落“你说你跟猪一样，谁敢娶你，，”老爸在旁边说“没人娶我养我闺女一辈子。。”
莫纳的世界,女,100,1222,25,https://www.qiushibaike.com/users/30120003/,堂弟说:得痔疮了，大便干，拉不出，去医院打开塞露，不管用，灌肠也不管用！
奔跑的唐僧肉,男,30,1556,15,https://www.qiushibaike.com/users/17650623/,转：毕业15年了！抽着中华烟，开着911，在等红灯的时候摸着副驾驶上小女朋友的大长腿，这生活……我坐在公交车上看的一清二楚[大哭]
东东爱萍萍,男,30,142,2,https://www.qiushibaike.com/users/30301764/,中学时候家离学校很近，又不爱早去，通常进了教室不到2分钟早自习的铃声就响起来了。某天早晨我刚要走进教室，身后突然有个女生撞开我夺门而入，她是我后面那桌的同学，待我坐定，只听她跟同桌说:“妈呀，今天觉得来学校挺早的，可一到校门口看见*东（本人名字）来了，吓得我一路狂奔去放自行车，又跑上来，差点迟到了，可累死我了”
偷惢,女,28,1935,24,https://www.qiushibaike.com/users/32236400/,我妈为了让我减肥，特意买了仿真耗子放在冰箱旁边，去冰箱拿零食第一次看到时差点给我吓尿了。
傻晴°,女,26,2197,26,https://www.qiushibaike.com/users/23331917/,下班回来，看到老妈窝在老爸怀里躺沙发上看电视，我撅了厥嘴坐下就吃饭，然后停电了，忍不住嘴里嘟囔着:正吃饭呢，这停电了让人家怎么吃嘛！
王八与蛋,男,32,1647,4,https://www.qiushibaike.com/users/16749385/,我夸女同事的口红好看，还顺带说出了口红的款式。女同事好奇我怎么这么清楚？我一副悲伤的神情说道：“前几天晚上去商场借厕所，一个脚滑把人家化妆品专柜给扑翻了！[捂脸]”
风吹屁股蛋子疼,男,35,4754,73,https://www.qiushibaike.com/users/36912791/,去学校接儿子放学，儿子对着同学说，我爸爸有一辆摩托车，还有一辆电动车！一脸的自豪！我听了赶紧拉孩子走，儿子，爸爸脸都红了，别人都是开小轿车来接孩子，爸爸骑个电动车就不要显摆了……
很胖很胖的瘦子、,女,22,141,2,https://www.qiushibaike.com/users/30294116/,本人重庆，和同学到其他省市打比赛。比赛完后，同学就给对手说，哈皮就是你好的意思，哈麻批就是再见的意思。然后那个人就真的给别人说了。。。让我笑会
鲨鱼光膀子,男,31,9293,113,https://www.qiushibaike.com/users/30803387/,楼下新开一家成 人 用 品，我家那个淘气娃，不知怎么就溜进去了，回来兴冲冲的对我说“爸爸，我在楼下那家店里，看到好多J J，都比你的大”
傻妞也,女,98,2597,31,https://www.qiushibaike.com/users/30683297/,昨天在街上看一对情侣，不知道什么原因女生突然扇了男生一掌，那记耳光在嘈杂的街上却显得格外的响亮，甚至能隐约看见男生脸上浮出的红印，显然男生懵了，直愣愣地看着女生，过了两秒好像反应过来了，冲着女生吼道：卧槽，你干嘛无缘无故扇我，不知道会扇得手疼吗？ 然后，我惊呆了。。。
好吃的焦糖饼干………,女,84,2690,42,https://www.qiushibaike.com/users/9214729/,晚上，我对老公说：老公，我发现，头发少还是有好处的，尤其是你这种谢顶严重的……
吃货kiss,男,28,1937,95,https://www.qiushibaike.com/users/18459413/,糗百的暗号都被段子手和抖音拿去用不还了，这让我们这些当年捧红暗号的人情何以堪
韦依欣,女,32,211,1,https://www.qiushibaike.com/users/29343978/,每次儿子要做怎么我都知道，他就问我怎么知道的，我跟他说你是我身上掉下来的肉我怎么不知道呢！背景完毕，今晚吃饭时儿子把菜汤（刚煮好的）洒在他的手上（一点点），他就问我妈妈你疼不疼，我说不疼怎么了，我是你身上掉下来的肉我都疼你怎么就不疼呢！瞬间喷饭，儿子你太会想象了。
大灰狼大灰狼,男,30,1733,86,https://www.qiushibaike.com/users/31347543/,实名提醒大家，徐州老火车站买票口对面，不起眼的早餐店黑价，稀饭5元一碗，油条5元一根，小笼包20一笼！比北面的永和豆浆都贵！以后进店先问价！出门在外没想到在家门口被宰了
懒猪子,女,22,6535,53,https://www.qiushibaike.com/users/36720573/,老公家里是农村的，刚结婚那年跟老公回老家过年，返程的时候，婆婆塞给我一大包东西，说是好吃的。
阿练。,男,28,1575,19,https://www.qiushibaike.com/users/10592623/,家里养了两只麻鸭，有一天下午，因为受到惊吓走散了，一只麻鸭先回，一只似乎已经迷路。傍晚回家吃饱食物的那只。看见同伴没回，似乎能听懂人话一样，直接按照它自己的记忆游去走散地方，把同伴接回。我想说原来它也怕孤单，原来它们也有感情。
没想好想好再换,男,24,5713,82,https://www.qiushibaike.com/users/27515844/,小时候和爸妈一起从外婆家回来，走在田埂的小路上，突然我爸妈吵起来了，我就被他们这样的你一手，我一手的推到了旁边的小沟沟里去了！我招谁惹谁了我！[捂脸][捂脸]到现在都记忆犹新啊！！
玉蕪墨,男,21,164,4,https://www.qiushibaike.com/users/21566737/,为什么自己的妈对自己儿子好女朋友会吃醋？难道这就是儿媳之间的隔堤？求解，在线等。大婶，求过，急！
夕冬温存,女,29,1358,25,https://www.qiushibaike.com/users/31031076/,我今天早上到幼.儿园，起晚了饿的早饭都没吃，边上一男孩子在吃一堆好吃的，看得我口水直咽，我没敢吱声。
好吃的焦糖饼干………,女,84,2104,19,https://www.qiushibaike.com/users/9214729/,想在花盆里种菜。我把10多个花盆的土倒出来一看，土都结成了一大坨。我只好用脚踩……
晓颜诺诺,女,27,6848,84,https://www.qiushibaike.com/users/36435200/,儿子晚上睡觉不老实，总踢被子。我说:再不听话，卖了你。
丑妞*萌萌哒,女,19,4267,93,https://www.qiushibaike.com/users/29314260/,早上起床穿衣服，老妈推门进来了，我赶紧捂着说“妈，你干嘛不敲门，，”
君無戏言,男,32,191,4,https://www.qiushibaike.com/users/27262718/,今天家里来客人，老婆让我下班去买菜————割了那个卖菜的—————我就斜挎了个包去买菜，菜买好了准备给钱的时候，一摸皮包，钱包不在里面了，一下就紧张了，想前想后，在哪丢的呢，又心疼，又懊恼，急死了！忽然卖菜大叔大笑起来，原来钱包被我刚刚拿钱买菜后，夹在胳肢窝里了！被那一群大叔大婶给笑的…糗到家了
四处飘,男,37,1838,100,https://www.qiushibaike.com/users/14460790/,"我们一家三口到岳父家蹭饭，小舅子一家也在，一大家子，很热闹，闺女6岁，小舅子家女儿9岁，两个小孩一到一起就干仗吵架，吃饭的时候故意把她俩分开，闺女故意气她姐姐，一直重复她姐姐说话，没学几句就把她姐姐气炸毛了，直接把桌子一拍“TMD，气死我了""，刚作势要动手，小舅子顺手一巴掌直接打懵了，委屈的开哭，我们也感觉非常尴尬，突然我闺女冲了过去，指着小舅子开吼，“舅舅，你凭什么打我姐姐，你那么大，她那么小，这不公平”，然后对她姐姐说:“姐姐，他们大人欺负小孩，我们跟他们拼了！”然后拿起一
…"
用杯装泪,男,29,1779,22,https://www.qiushibaike.com/users/29108224/,我在上班，偷偷和我姐聊了会微信，我姐发来语音和段视频，她竟然在刚才把孩子生了，。厉害了我的姐，，
科技大罪犯,男,27,1293,12,https://www.qiushibaike.com/users/33091128/,四川那会闹地震，川内朋友都知道，一直担心余震 半夜也睡不好。寝室是上下铺，当天半夜，一外省室友突然猛的坐了起来，说地震快跑。结果大家都惊醒了，说没反应啊.室友说床明明晃了啊。于是我看到他下铺的同学盖着被子捂的紧紧的面对着墙一言不发。我好像知道了些什么。
天天硬梆梆的,男,33,1221,68,https://www.qiushibaike.com/users/15907821/,昨晚在金华住旅馆把三千多块钱压床单底下了，今早走时忘了拿。我现在从杭州赶回去拿，要是没有了怎么办？现在杭州候车，在线急等
匿名用户,不详,不详,114,4,,众所周知，啊只能啊男的，谁知同学居然说，女的也可以啊！大家问道，怎么啊？哼哼，我明天就去买个夹子。。夹子。。。。
傻晴°,女,26,8096,68,https://www.qiushibaike.com/users/23331917/,同事夫妻俩都在店里上班，刚吃饭的时候，两个人哔哩吧啦说了一大堆家乡话，我跟另一个同事说:这俩说家乡话好像在吵架！
白百丽儿,女,32,1233,19,https://www.qiushibaike.com/users/36401850/,打算开始备孕，我念叨说：“要是准备半年都没怀上怎么办？那不得着急啊…” 老公兴奋地说：“那不是挺好，半年不用戴T诶！”过一秒，老公又遗憾地说：“不不不，应该是，WoCao，以前T都白戴了啊！”
缘分&,女,21,2144,26,https://www.qiushibaike.com/users/14866647/,同事们都说我很幸福，每天都是我哥接送我上下班，我得意的说:“我哥对我太好了，为了名正言顺的接送我，还顺便把我同事萍姐发展成了我嫂子。”
子时三刻游荡鬼、,男,27,3275,17,https://www.qiushibaike.com/users/9391885/,就刚刚，老妈打电话问我车钥匙在哪，我告诉了她，然后突然急急忙忙的跟我说：我先挂了，着急出门呢，手机找不到了！
匿名用户,不详,不详,154,6,,朋友的青春痘很严重，半个月前不知道从哪里听说的吃避孕药能祛痘（朋友是男的），吃了半个月，痘痘确实都下去了，但是朋友好像变娘了。。。声音也细了，反正看起来很别扭，最吓人的是昨晚我在lol，然后他在旁边静静的看了我好久后说了一句：其实你长得挺帅的。        。。。。。。。。挺帅的。。
道士下山会女神,男,99,1994,18,https://www.qiushibaike.com/users/30201529/,一哥们在乡下老家修了几间房，他老婆图方便，吊顶全部用桑拿板。
花七七…,男,28,3172,101,https://www.qiushibaike.com/users/34105982/,表哥离异，欲再婚，邀上我与一位同样离异女士相亲，相约在小餐馆里吃饭，
鲁管集团公司,男,31,5549,60,https://www.qiushibaike.com/users/23387841/,堂弟老婆是体育教师，昨晚我们两口子和他们两口子去逛街。弟妹看上一件衣服，就试了一下很满意。堂弟嫌贵不肯买，人家就这样以百米飞人的速度穿着衣服跑了[捂脸][捂脸]。堂弟被导购员拉着买单1600多。
那一眼啊,男,30,1141,33,https://www.qiushibaike.com/users/31965746/,今天去装修公司谈装修，中途问洗手间在哪，设计师说上二楼，结果我一开门，一个女设计师正站起来  你们不带关门的吗。。太尴尬啦
贫蛋哥,男,23,182,5,https://www.qiushibaike.com/users/27472286/,一句话不割。男胖短，女胖深。男女都胖要离婚
桃巫,女,29,1121,25,https://www.qiushibaike.com/users/5444996/,古代史给孩子们讲手工业，我展示到一个元代青花瓷葫芦瓶的时候，有个男生大喊了一声:我叫你一声你敢答应吗？我:…………
站上冰箱装高冷,男,36,2631,14,https://www.qiushibaike.com/users/30880816/,正上班呢，接到本哥的电话，听着还挺着急:快把你那个卖烟花爆竹的同学的电话给我，速度。
怕鳄鱼咬鸡鸡,男,33,1400,5,https://www.qiushibaike.com/users/20573003/,刚接到去年驾校教练电话语重心长的跟我说，小张阿开车慢点，一定要眼观六路耳听八方，真心不希望你在回驾校。嗯嗯嗯，是这样的。打死我都不想在回去了。教练说去年你的学弟学妹就差你了
秋子奇,男,38,1450,41,https://www.qiushibaike.com/users/37197067/,公司请了两个人
模拟爸当爹,男,28,128,1,https://www.qiushibaike.com/users/23780571/,小时候听大人说被开处都会有红包，长大后才发现都他妈骗人，只要打开微信不用破处也可以有红包，害劳资做了几十年的老处男！
丑妞*萌萌哒,女,19,5801,55,https://www.qiushibaike.com/users/29314260/,去男友家吃饭，男友妈妈给做了好多菜，足足吃了两大碗还有不少菜，，吃完饭阿姨非让我去男友房间休息。。。睡醒一觉后去厕所，听到阿姨跟男友说“你不是说她很能吃吗，每顿都吃四五碗饭，害我做了这么多饭，她才吃了两碗，，”
吃货最怕饿梦.,女,13,2594,65,https://www.qiushibaike.com/users/24703920/,晚上正要睡觉，我暗恋的部门同事给我发了一个5.20的红包，激动的一夜没睡好，，，
姑苏云琪,女,25,1952,35,https://www.qiushibaike.com/users/37076223/,儿子每天从幼儿园回来，总是老师说应该这样，老师说应该那样。
匿名用户,不详,不详,2798,54,,我是远倒插门的女婿，接我的时候我哭的老惨了，爸妈也哭了，全村人都哭了，连鸡鸭猪驴都哭了
很胖很胖的瘦子、,女,22,403,8,https://www.qiushibaike.com/users/30294116/,初中一同学晚上来姨妈了，那叫一个恐怖。不知她是哪根姨妈经抽了。第二天早上起来看到寝室地上满地的血（床上也是），还以为杀人了，关键是寝室另外两个同学做清洁，当时那两个同学都想把她杀了。。。
取悦猫性……,女,27,637,20,https://www.qiushibaike.com/users/9421991/,听老妈聊起来以前的事情，觉得我跟我弟真是白捡了命的！我妈说我出生半个月左右，被我大姑妈喂了玉米粒，卡了大半天，估计是玉米粒进了肚子了吧！要是进了其他地方，就那个时候我们家庭条件，死的妥妥的！
★小毛驴,女,23,1614,18,https://www.qiushibaike.com/users/16676973/,想起刚工作那会儿工资比较低，很多东西都不舍的买，这是铺垫，一天晚上跟老公(那时候还是男朋友)在吃饭，老公问我，如果我现在说三个字能让你特别激动、感动你觉得我会说什么?_?我想都没想说:买买买😁。
偷惢,女,28,4313,59,https://www.qiushibaike.com/users/32236400/,一觉醒来，外面下了好大的雪。嫂子在忙，由我送小侄子上学，路过部 队门口，好多兵哥哥在扫雪。我兴奋的给闺蜜打电话:亲爱的，我看到好多好多兵哥哥啊！
王云（笨笨）,女,25,1106,47,https://www.qiushibaike.com/users/33542137/,和闺蜜一起逛街，饿了，附近的饭店都很贵，没舍得吃。就买了两桶泡面吃，连汤我俩都喝了，然后把空的泡面桶放在面前，我俩在那蹲着聊天。
匿名用户,不详,不详,163,1,,今天给教练拿了点芒果！教练说：我不吃芒果，过敏呀，你送点桃子还差不多，我喜欢吃！（平时教练喜欢开玩笑）结果师妹直接来一句：教练你自己有桃，还要师姐送干嘛！哈哈哈哈，一车人都笑了
花凝雪,女,22,3215,36,https://www.qiushibaike.com/users/36757071/,朋友是个女护士，当年刚参加工作的时候，从没见过男人没穿裤子的样子。
123开始猥琐,男,26,4765,68,https://www.qiushibaike.com/users/32931614/,媳妇带着儿子去丈母娘家小住了两天，没给我留钱，我就在儿子的存钱罐里拿了20块钱买烟抽，今天媳妇领着儿子回来了，过了一会儿子跑了过来对媳妇说：“妈妈，我存钱罐里少了200块钱”  我………
意大利面条22,男,0,2544,34,https://www.qiushibaike.com/users/33418613/,我妈今天去买菜，我买问我吃啥，我说只要好吃就行了……我爸说，就你妈的手艺，咋都难吃。你就别为难青菜了……
二货*°萌萌哒,女,19,4044,101,https://www.qiushibaike.com/users/25190748/,今天学倒车入库，教练教我看好线，位置到了就开始打方向盘，我一脸愁容的说，我看不到线！
匿名用户,不详,不详,150,21,,三天没撸啦！现在又想……有什么办法能戒啦？
吃货最怕饿梦.,女,13,1954,23,https://www.qiushibaike.com/users/24703920/,小侄的小女友（小美）在我们同一个小区，要搬家到南方，小侄去见小美最后一面，回来的时候哭的像个泪人，手里还拿了一个信封，里面是一打钱！
我是煮茶,男,33,5078,38,https://www.qiushibaike.com/users/33491754/,我小时候，我舅舅来我家做客。吃饭时，我把虾头咬掉不要。我爸对我吼：“浪费！把虾头吃了！！”吓得我把虾头嚼嚼吞了，噎得眼泪流。  我舅舅也哆嗦着手，把他扔掉的虾头夹起来，看了看，然后放到我碗里：“别浪费了！”
月夜晓风掩玉钩,男,25,4567,48,https://www.qiushibaike.com/users/33676416/,我下楼太急，没注意有个胖哥们在弯腰系鞋带，怼了他屁股一下，胖哥们像个大汤圆一样滚下去了!
丑妞*萌萌哒,女,19,3765,58,https://www.qiushibaike.com/users/29314260/,上班时犯了一点小错误，被老板训成孙子，心里不舒服，回到家跟男友说“我心里憋气，你陪我吵架吧，，”
鑫一,男,100,200,2,https://www.qiushibaike.com/users/3079002/,老板超高薪聘了一个设计人员，专门做PPT 、产品宣传页、网站大图什么的……没几天 那哥们要辞职 ，理由是：就算这么多薪资也不能玷污他的专业能力！…………唉 确实 老板的审美观土的让人看了想自杀
爱新觉罗.黄瓜,男,30,8797,127,https://www.qiushibaike.com/users/11320295/,晚上下夜班，看到老婆穿着性感的睡衣站在楼道迎接我，我心里一暖，上前抱住她心疼的说道:“宝贝，这么晚了还在等我，你今晚这是想干吗？”
见笑了哈,男,29,1712,20,https://www.qiushibaike.com/users/34315653/,我有个朋友路哥，踢中甲的，前两天足协限制球员纹身，路哥胳膊上有一条，告诉以后上场比赛要遮挡。关键有点儿尴尬的是，这是真事，路哥父母都是党员，所以他胳膊上纹的是“社会主义万岁”。他当年进球的时候，脱光了庆祝裁判从来不给黄牌，因为他说裁判要给牌，就是给社会主义黄牌，以后这招用不上了。
星劫,男,27,3664,27,https://www.qiushibaike.com/users/14849114/,闲着无聊上网，把自己的资料改成花季少女，同时约了两个男的到附近宾馆的一个房间，心想着整死你俩色狼。
狸土豆大人,女,99,3198,28,https://www.qiushibaike.com/users/25216936/,男友的狐朋狗友叫他去喝酒，我瞪了他一眼，男友深情的说：宝贝，我要在家陪你，不去跟他们鬼混，可是我怎么回他们才好呢？   我又瞪了他一眼，拿起男友手机，帮他回复：不去了，你们一个能喝都没有，还不如自己在家喝！人生寂寞如雪…
谢家宝哥哥,男,29,3693,13,https://www.qiushibaike.com/users/20978973/,老公:抽一支。
青刺莓,女,99,9816,94,https://www.qiushibaike.com/users/28437800/,老公这些天加班，特别忙，我打电话问他：“中午吃饭了吗？”他说木有，刚才吃了泡面。没吃饱。
帝国守卫,男,83,7208,92,https://www.qiushibaike.com/users/11837809/,有个战友退伍后做警察，他给我说了个牛的事，他们那里有一起打架事件，疑犯重伤他人后逃跑，他们找了疑犯一年多没找到，最后你猜在哪里抓到的，对，就在警察局，这小子在他们警察局的大食堂做饭，我勒个人，越危险的地方越安全，这小子，高人。
动物园里的猴,男,28,1286,10,https://www.qiushibaike.com/users/21610887/,老妈过生日时，插上蜡烛让她许愿，老妈说“最大的心愿就是今年能让我老儿子娶个媳妇儿，”
傻晴°,女,26,4761,67,https://www.qiushibaike.com/users/23331917/,小侄子回来跟我说:小姑，同桌小美天天让我给他拧瓶盖，，好烦啊，而且她今天告诉我，一个班就我能拧开她的瓶盖，她还想做我女朋友！
鬺舋,男,27,236,11,https://www.qiushibaike.com/users/24412495/,有没有和我一样的。，，，，，割了没用了，，，，，每天就知道吃饭，睡觉，上班的，一个月也就是歇个两三天吧，歇班也不知道去干嘛的！才拿个三四千块钱的工资，累的和狗似的，而且还是单身狗的傻冒。
你家邻居叫马乐,男,34,1017,36,https://www.qiushibaike.com/users/190315/,我家房号是502，晚上出去散步，散完步回来边刷手机边上楼，感觉五楼到了，就掏出钥匙插进了钥匙孔，居然只能插进去一半，我的第一反应是：特么的，是谁把老子锁眼堵了，于是收起手机，左手抓住门把手，右手拿钥匙使劲往里捅，边捅边晃门。
你家邻居叫马乐,男,34,1515,20,https://www.qiushibaike.com/users/190315/,坐在飞机上睡着了，忽然一阵晃动把我晃醒了。
偷惢,女,28,1354,9,https://www.qiushibaike.com/users/32236400/,哥哥二胎女儿刚满五个月，开始添加辅食米粉。冲米粉时，大儿子不停的在旁边转悠，一副口水直流的样子。
林晓九,女,23,1302,31,https://www.qiushibaike.com/users/30074144/,远方亲戚来串门，熊孩子拿着我的手机在地上踩着玩！他妈看见了还笑，我一脚就把他踹客厅去了！这回他妈急了，搂着孩子说他才十岁，你不能让让吗？ 看他哭唧唧的样子我也心疼了，走过去摸着他的脸说：乖哦，别哭了，再哭我打死你哦……”
^_^红尘大叔,男,30,152,2,https://www.qiushibaike.com/users/22824171/,我对我亲爱的最好了，生气了就让她花钱，开心了就让她刷卡，不高兴了就让她抚摸我大腿根，哭了就让她扇我嘴巴！我给她拍照从来都是未经修缮的，就这都白的不行瘦的不行，羡煞旁人啊！是吗给我看看来！来来来你看看，你看你看是不是特别白？是不是特别细？你看一个茧子都没有，撸的时候五个手指头都能使上！……………………
王八与蛋,男,32,1552,12,https://www.qiushibaike.com/users/16749385/,邻桌的孩子突然嚷嚷道：“我就喜欢赵阿姨！她每次都买酸奶给我喝！”话音刚落，孩子对面的女人黑着脸起身就离开了，孩子的父亲望着女子远去的身影，回过头无奈的对孩子说道：“儿子啊！等你长大以后就知道，你就能分清楚酸奶跟咪咪，哪个奶比较重要了！”
花七七…,男,28,1791,27,https://www.qiushibaike.com/users/34105982/,正坐公交车，忽有一女子喊：“我的钱包丢了！”
傻晴°,女,26,1070,30,https://www.qiushibaike.com/users/23331917/,刚在洗头，洗头小哥哥问我水行不行，第一感觉就是有点凉，然后小哥哥就把水调了一下，感觉还行，小哥哥惊叹道:你挺厉害的，这么烫得水都可以啊！
舞阳渔夫,男,17,2844,28,https://www.qiushibaike.com/users/22864325/,有一对夫妻，身高、长相都很一般，儿子也随他们，大家都觉得很正常。后来又生了个貌美如花的女儿，旁边的人免不了闲言碎语。男的疑心越来越重，终于忍不住去做了DNA检验。结果，女儿是亲生的，儿子不是。该男子正走在从怀疑人生到怀疑科学的道路上。
caca车,女,31,132,4,https://www.qiushibaike.com/users/29519486/,有没有人像我一样每天早上醒来第一想的是算一下还有十几个小时才能得睡.我是万般的不想起.可我的那二货老公却在那自弹自唱起来.没错他弹的正是早上让男人们骄傲的那根千斤顶.我都看呆了。
姑苏云琪,女,25,1166,51,https://www.qiushibaike.com/users/37076223/,刚结婚的时候，我脾气不好，总是冲老公发脾气，老公从来不跟我吵架，总是让着我。
十里柔情一帘幽梦,女,100,1074,13,https://www.qiushibaike.com/users/8737794/,拿起书包送儿子上学，顺手扔了垃圾。打开车门，把书包扔进去，启动车子。儿子气喘吁吁地追上来，妈，我书包怎么在垃圾箱里？
路~人~丙,男,93,1094,12,https://www.qiushibaike.com/users/32246795/,小时候被打的最惨的一次，花两块钱买两串糖葫芦差点被打死！那两个袁大头妈妈本来打算打个银镯子的
11鈫,男,48,1157,12,https://www.qiushibaike.com/users/36845762/,好久啰。以前转角处听到姗姗而行两个女学生对话。
离人莫笑情深自扰,男,27,144,8,https://www.qiushibaike.com/users/11387555/,看糗百里的女女都嫌弃老公不给力，我就纳闷了，为什么每次久一点老婆就喊疼呢，只有我一个是这样吗？
好吃的焦糖饼干………,女,84,5983,36,https://www.qiushibaike.com/users/9214729/,昨天，我哥加班到深夜2点多。早上，我哥起床晚了，看到餐桌上，嫂子给他留了早餐……
吃货最怕饿梦.,女,13,3863,46,https://www.qiushibaike.com/users/24703920/,小时候，有次我牙疼告诉老爸，他为了哄我，把我脸上扑上面粉，画个血喷大口的恶鬼妆！然后我就追老爸，老爸故意装作很害怕，东躲西藏，我一高兴忘记牙疼了！
偷惢,女,28,3988,57,https://www.qiushibaike.com/users/32236400/,店里来个小正太特别可爱，不停的喊我阿姨，小嘴甜的不得了～
偷惢,女,28,2730,57,https://www.qiushibaike.com/users/32236400/,求人办事要送礼，由于是第一次，特别紧张，进去说完话把红包塞他衣服兜里就出来了。
匿名用户,不详,不详,138,0,,看了糗百后我才知道为什么那些饮料瓶口越做越大！是给他们装尿啊
我的世界冇星期天,男,45,3223,41,https://www.qiushibaike.com/users/17016259/,好几年前，我的一个朋友开着98年的红旗车，油耗最少18了，而且有点拖拉机的声音。很多买家最多一万五，还有给八千的，保险公司评估六万五。所以他每天回到家车子都是随意停，也不锁车门，一心盼望着小偷给他偷走。忽然有一天夜里两点多有派出所巡逻警察给他打电话，告诉他车门没锁，赶快过来锁车，我们给你看着呢。（车内有交话费的收据）
超感动人,男,80,4283,45,https://www.qiushibaike.com/users/13075695/,媳妇陪我去买衣服，看上一件上衣，对于我来说有点贵了，媳妇拉着我说:“别买了，再转转吧。。。”售货员看着我说:“你一个大老爷们，还得听娘们的？”媳妇不屑地说:“你晚上要是陪他睡，他也听你的。。。” 我急切地说“我老婆都同意了，你快表个态啊。。。”
阿米头发山寨山寨,女,25,3510,98,https://www.qiushibaike.com/users/23815023/,想当年第一次去男友家（现在是老公）为了表示贤惠，人生当中第一次下厨做了酸菜鱼，做好有事我没吃就走了，后来听说倒了给狗狗都不吃[捂脸][捂脸][捂脸]
星劫,男,27,1098,16,https://www.qiushibaike.com/users/14849114/,一个高中同学是学刑侦的，这次同学聚会有别的同学问他，学刑侦真的和电视剧演的那样厉害吗，同学答当然了，譬如我一眼就能看出你女友是左撇子，因为你右脸上有手印，刚挨抽了吧？
醉碍晓酒坊,男,30,147,6,https://www.qiushibaike.com/users/24583963/,说个真事，亲身经历的。割割……家有二货媳妇，平时很精明，前几天，工作疲劳，楼主得了痔疮，就跟二货说蛮疼的，二货眼一眯，痔疮不是病，痛起来真要命。楼主无语……你是有多二啊……
