fans,topic,qiushi,comment_1,favour,handpick,martial_status,constellation,profession,home,qiushi_age,user_url
0,1,47,8,20428,0,married,双鱼座,手艺汪,国外 · 冰岛,2876天,https://www.qiushibaike.com/users/112899/
43,0,60,172,25162,0,married,处女座,IT汪,浙江 · 杭州,73天,https://www.qiushibaike.com/users/36401850/
1,0,9,26,684,0,不详,双子座,公务猿,广西 · 贺州,1464天,https://www.qiushibaike.com/users/15047842/
0,7,51,21,16166,0,single,摩羯座,手艺汪,河南 · 郑州,11天,https://www.qiushibaike.com/users/37267710/
0,8,29,16,6596,0,不详,处女座,商务汪,辽宁 · 锦州,1231天,https://www.qiushibaike.com/users/22688287/
0,0,12,66,8942,0,不详,金牛座,搬砖汗,广西 · 南宁,1197天,https://www.qiushibaike.com/users/24063134/
240,1,55,3,141166,3,married,狮子座,商务汪,江苏 · 苏州,29天,https://www.qiushibaike.com/users/37076223/
17,1,55,47,170316,6,single,白羊座,搬砖汗,辽宁 · 辽阳,49天,https://www.qiushibaike.com/users/36760891/
0,22,42,173,34977,0,不详,狮子座,家里蹲,辽宁 · 沈阳,1363天,https://www.qiushibaike.com/users/17555719/
35,1,262,25,212656,5,married,天蝎座,公务猿,浙江 · 杭州,1033天,https://www.qiushibaike.com/users/28730286/
0,0,2,35,162,0,single,双子座,家里蹲,广西 · 北海,974天,https://www.qiushibaike.com/users/29618162/
1,0,5,0,846,0,不详,双子座,不详,不详,1609天,https://www.qiushibaike.com/users/12271887/
2,53,31,113,14038,0,single,射手座,商务汪,四川 · 宜宾,1118天,https://www.qiushibaike.com/users/26352332/
0,399,986,5279,2818699,170,married,水瓶座,商务汪,广东 · 深圳,391天,https://www.qiushibaike.com/users/33491754/
1,11,4,26,247,0,不详,处女座,公务猿,山东 · 滨州,964天,https://www.qiushibaike.com/users/30055029/
18,6,11,708,17676,5,single,处女座,手艺汪,江苏 · 淮安,437天,https://www.qiushibaike.com/users/33303677/
7330,3,741,6210,2060016,107,inlove,摩羯座,搬砖汗,安徽 · 蚌埠,1214天,https://www.qiushibaike.com/users/23331917/
18824,0,1009,30666,1946269,66,secret,双子座,搬砖汗,山东 · 临沂,1560天,https://www.qiushibaike.com/users/12992639/
4,3,38,27,24336,1,不详,摩羯座,搬砖汗,福建 · 莆田,1213天,https://www.qiushibaike.com/users/23387841/
0,0,1,0,151,0,不详,不详,不详,不详,923天,https://www.qiushibaike.com/users/30302651/
0,36,296,1586,733345,28,secret,处女座,搬砖汗,国外 · 多哥,240天,https://www.qiushibaike.com/users/34105982/
0,7,4,5,1922,0,secret,天秤座,搬砖汗,广东 · 东莞,41天,https://www.qiushibaike.com/users/36867149/
17,38,18,10,2028,0,secret,狮子座,内务汪,内蒙古 · 乌海,924天,https://www.qiushibaike.com/users/30301907/
205,2,117,573,125290,0,single,处女座,IT汪,国外 · 津巴布韦,2871天,https://www.qiushibaike.com/users/114633/
312,0,112,646,127480,8,secret,双子座,公务猿,未知,829天,https://www.qiushibaike.com/users/30818766/
3752,5,2534,94,2262041,7,single,摩羯座,家里蹲,国外 · 奥地利,854天,https://www.qiushibaike.com/users/30683297/
42,0,5,63,943,0,不详,摩羯座,商务汪,河北 · 石家庄,1575天,https://www.qiushibaike.com/users/12820201/
0,0,584,5672,1840106,113,single,狮子座,公务猿,湖北 · 恩施,1426天,https://www.qiushibaike.com/users/16003871/
3155,0,456,2440,1468461,83,secret,摩羯座,搬砖汗,未知,750天,https://www.qiushibaike.com/users/31370749/
2,3,73,235,20296,0,secret,摩羯座,IT汪,广东 · 广州,1426天,https://www.qiushibaike.com/users/16008781/
40,0,5,30,3588,0,married,天蝎座,家里蹲,新疆 · 乌鲁木齐,632天,https://www.qiushibaike.com/users/32110347/
0,9,40,9,81627,3,single,双子座,学生汪,河北 · 邢台,8天,https://www.qiushibaike.com/users/37292333/
0,129,19,830,6576,0,secret,白羊座,销售汪,安徽 · 阜阳,1122天,https://www.qiushibaike.com/users/26196888/
312,0,112,646,127480,8,secret,双子座,公务猿,未知,829天,https://www.qiushibaike.com/users/30818766/
4,0,167,570,556430,40,single,摩羯座,公务猿,国外 · 冰岛,342天,https://www.qiushibaike.com/users/33676416/
261,4,473,6811,941327,41,secret,处女座,搬砖汗,云南 · 昆明,1633天,https://www.qiushibaike.com/users/11678685/
6,40,23,91,13136,0,single,水瓶座,家里蹲,湖南 · 株洲,1267天,https://www.qiushibaike.com/users/21515805/
0,36,296,1586,733345,28,secret,处女座,搬砖汗,国外 · 多哥,240天,https://www.qiushibaike.com/users/34105982/
312,0,112,646,127480,8,secret,双子座,公务猿,未知,829天,https://www.qiushibaike.com/users/30818766/
1744,0,514,8007,4593380,212,secret,天蝎座,商务汪,广东 · 广州,1373天,https://www.qiushibaike.com/users/17221979/
0,6,5,13,8533,0,不详,天蝎座,搬砖汗,安徽 · 淮南,1661天,https://www.qiushibaike.com/users/11184469/
0,1,44,74,8008,0,secret,巨蟹座,家里蹲,未知,834天,https://www.qiushibaike.com/users/30791110/
1,6,111,954,78790,2,secret,处女座,手艺汪,福建 · 厦门,1072天,https://www.qiushibaike.com/users/27847952/
0,10,4,9,314,0,secret,天秤座,手艺汪,安徽 · 合肥,928天,https://www.qiushibaike.com/users/30276873/
240,1,55,3,141166,3,married,狮子座,商务汪,江苏 · 苏州,29天,https://www.qiushibaike.com/users/37076223/
4,0,167,570,556430,40,single,摩羯座,公务猿,国外 · 冰岛,342天,https://www.qiushibaike.com/users/33676416/
0,3,6,271,8794,0,secret,天蝎座,搬砖汗,安徽 · 阜阳,1750天,https://www.qiushibaike.com/users/9531727/
0,87,8,298,3240,0,不详,天秤座,搬砖汗,陕西 · 咸阳,1182天,https://www.qiushibaike.com/users/24389601/
1,2,6,75,2808,0,single,处女座,手艺汪,未知,656天,https://www.qiushibaike.com/users/31943444/
,,,,,,不详,不详,不详,不详,不详,https://www.qiushibaike.com/users/14088176/
10,0,36,48,90074,8,secret,摩羯座,手艺汪,国外 · 德国,551天,https://www.qiushibaike.com/users/32691904/
0,0,14,22,19195,0,secret,巨蟹座,家里蹲,国外 · 比利时,960天,https://www.qiushibaike.com/users/30082002/
1744,0,514,8007,4593380,212,secret,天蝎座,商务汪,广东 · 广州,1373天,https://www.qiushibaike.com/users/17221979/
10,0,36,48,90074,8,secret,摩羯座,手艺汪,国外 · 德国,551天,https://www.qiushibaike.com/users/32691904/
35,1,262,25,212656,5,married,天蝎座,公务猿,浙江 · 杭州,1033天,https://www.qiushibaike.com/users/28730286/
0,3,2,0,349,0,不详,天秤座,学生汪,江西 · 上饶,956天,https://www.qiushibaike.com/users/30102829/
185,0,100,506,49641,1,secret,双鱼座,家里蹲,黑龙江 · 大兴安岭,578天,https://www.qiushibaike.com/users/32526621/
12,0,90,89,47196,0,married,狮子座,家里蹲,河南 · 郑州,237天,https://www.qiushibaike.com/users/34142033/
7330,3,741,6210,2060016,107,inlove,摩羯座,搬砖汗,安徽 · 蚌埠,1214天,https://www.qiushibaike.com/users/23331917/
0,8,8,13,278,0,不详,射手座,商务汪,江苏 · 苏州,1179天,https://www.qiushibaike.com/users/24502409/
1,1,28,35,10638,1,不详,不详,不详,不详,661天,https://www.qiushibaike.com/users/31908202/
69,16,19,716,28453,3,不详,处女座,搬砖汗,福建 · 福州,781天,https://www.qiushibaike.com/users/31140588/
18,1,5,33,3060,0,secret,双鱼座,搬砖汗,国外 · 阿尔及利亚,957天,https://www.qiushibaike.com/users/30096800/
38,0,4,7,7931,0,不详,处女座,家里蹲,江苏 · 盐城,1360天,https://www.qiushibaike.com/users/17687967/
20,10,107,94,109223,1,secret,射手座,商务汪,未知,1103天,https://www.qiushibaike.com/users/26875982/
5,0,23,2388,25018,0,不详,不详,不详,不详,316天,https://www.qiushibaike.com/users/33780499/
36,25,8,23,4008,0,不详,巨蟹座,IT汪,浙江 · 杭州,2207天,https://www.qiushibaike.com/users/1015297/
1052,8,408,2542,1183406,55,secret,狮子座,家里蹲,湖南 · 衡阳,212天,https://www.qiushibaike.com/users/34350130/
115,2,58,23,109881,3,secret,白羊座,家里蹲,云南 · 昆明,728天,https://www.qiushibaike.com/users/31514471/
5,1,54,2844,69680,4,secret,天秤座,商务汪,江苏 · 无锡,793天,https://www.qiushibaike.com/users/31031076/
17,1,55,47,170316,6,single,白羊座,搬砖汗,辽宁 · 辽阳,49天,https://www.qiushibaike.com/users/36760891/
4,15,7,17,24583,0,不详,狮子座,家里蹲,河北 · 邢台,1079天,https://www.qiushibaike.com/users/27611876/
3155,0,456,2440,1468461,83,secret,摩羯座,搬砖汗,未知,750天,https://www.qiushibaike.com/users/31370749/
0,22,121,236,83265,0,不详,射手座,手艺汪,广东 · 湛江,1644天,https://www.qiushibaike.com/users/11459819/
1071,0,281,2467,368357,15,secret,狮子座,家里蹲,江苏 · 南通,1092天,https://www.qiushibaike.com/users/27226098/
46,54,76,1167,108451,1,secret,白羊座,手艺汪,未知,38天,https://www.qiushibaike.com/users/36912791/
1052,8,408,2542,1183406,55,secret,狮子座,家里蹲,湖南 · 衡阳,212天,https://www.qiushibaike.com/users/34350130/
567,1,59,120,167926,2,secret,水瓶座,内务汪,未知,697天,https://www.qiushibaike.com/users/31706839/
22,52,15,1090,20422,0,single,双子座,搬砖汗,湖南 · 湘潭,999天,https://www.qiushibaike.com/users/29261092/
4,0,25,124,7865,0,不详,不详,不详,不详,152天,https://www.qiushibaike.com/users/35021945/
240,1,55,3,141166,3,married,狮子座,商务汪,江苏 · 苏州,29天,https://www.qiushibaike.com/users/37076223/
0,36,296,1586,733345,28,secret,处女座,搬砖汗,国外 · 多哥,240天,https://www.qiushibaike.com/users/34105982/
876,6,61,2182,257548,24,secret,摩羯座,家里蹲,江苏 · 苏州,487天,https://www.qiushibaike.com/users/33028477/
17,1,55,47,170316,6,single,白羊座,搬砖汗,辽宁 · 辽阳,49天,https://www.qiushibaike.com/users/36760891/
17,0,73,434,207656,13,secret,白羊座,公务猿,湖南 · 衡阳,95天,https://www.qiushibaike.com/users/35959614/
0,31,22,70,2422,0,不详,射手座,搬砖汗,山西 · 太原,1345天,https://www.qiushibaike.com/users/18204017/
1052,8,408,2542,1183406,55,secret,狮子座,家里蹲,湖南 · 衡阳,212天,https://www.qiushibaike.com/users/34350130/
0,1,6,8,2936,0,secret,摩羯座,搬砖汗,未知,516天,https://www.qiushibaike.com/users/32886720/
0,36,296,1586,733345,28,secret,处女座,搬砖汗,国外 · 多哥,240天,https://www.qiushibaike.com/users/34105982/
294,57,873,5030,847556,11,single,天秤座,商务汪,浙江 · 嘉兴,945天,https://www.qiushibaike.com/users/30175658/
17,1,55,47,170316,6,single,白羊座,搬砖汗,辽宁 · 辽阳,49天,https://www.qiushibaike.com/users/36760891/
0,0,11,132,4830,0,secret,狮子座,搬砖汗,广东 · 清远,1287天,https://www.qiushibaike.com/users/20869641/
7330,3,741,6210,2060016,107,inlove,摩羯座,搬砖汗,安徽 · 蚌埠,1214天,https://www.qiushibaike.com/users/23331917/
0,9,40,9,81627,3,single,双子座,学生汪,河北 · 邢台,8天,https://www.qiushibaike.com/users/37292333/
635,0,1,56,188,0,不详,天秤座,搬砖汗,湖北 · 武汉,1668天,https://www.qiushibaike.com/users/11068442/
10,0,36,48,90074,8,secret,摩羯座,手艺汪,国外 · 德国,551天,https://www.qiushibaike.com/users/32691904/
0,36,296,1586,733345,28,secret,处女座,搬砖汗,国外 · 多哥,240天,https://www.qiushibaike.com/users/34105982/
331,2,411,6865,1380638,72,secret,天秤座,家里蹲,国外 · 冰岛,941天,https://www.qiushibaike.com/users/30201529/
0,1,7,21,1120,0,不详,天蝎座,手艺汪,四川 · 泸州,939天,https://www.qiushibaike.com/users/30213637/
0,0,8,84,2425,0,secret,水瓶座,家里蹲,国外 · 毛里塔尼亚,1059天,https://www.qiushibaike.com/users/28185560/
27,1,100,11,99831,4,married,天秤座,搬砖汗,江苏 · 苏州,2164天,https://www.qiushibaike.com/users/1521629/
1071,0,281,2467,368357,15,secret,狮子座,家里蹲,江苏 · 南通,1092天,https://www.qiushibaike.com/users/27226098/
10,0,4,5,722,0,不详,不详,不详,不详,951天,https://www.qiushibaike.com/users/30140470/
0,35,158,12121,758652,53,secret,射手座,搬砖汗,山东 · 聊城,1000天,https://www.qiushibaike.com/users/29248956/
32,3,58,1284,9940,0,secret,水瓶座,搬砖汗,广西 · 北海,1702天,https://www.qiushibaike.com/users/10413669/
349,0,210,5279,541405,23,married,天蝎座,商务汪,江苏 · 徐州,1412天,https://www.qiushibaike.com/users/16314065/
17,1,55,47,170316,6,single,白羊座,搬砖汗,辽宁 · 辽阳,49天,https://www.qiushibaike.com/users/36760891/
849,20,24,56,15703,0,不详,摩羯座,IT汪,山西 · 临汾,1092天,https://www.qiushibaike.com/users/27233104/
0,36,296,1586,733345,28,secret,处女座,搬砖汗,国外 · 多哥,240天,https://www.qiushibaike.com/users/34105982/
53,116,123,296,161148,4,secret,天蝎座,手艺汪,未知,1626天,https://www.qiushibaike.com/users/11837809/
0,35,158,12121,758652,53,secret,射手座,搬砖汗,山东 · 聊城,1000天,https://www.qiushibaike.com/users/29248956/
5,69,2,143,7655,0,single,双鱼座,搬砖汗,吉林 · 长春,927天,https://www.qiushibaike.com/users/30281962/
382,8,1305,13169,3063437,114,married,双鱼座,搬砖汗,黑龙江 · 佳木斯,619天,https://www.qiushibaike.com/users/32215536/
0,1,11,24,19043,0,single,天秤座,搬砖汗,河北 · 石家庄,1034天,https://www.qiushibaike.com/users/28714440/
382,8,1305,13169,3063437,114,married,双鱼座,搬砖汗,黑龙江 · 佳木斯,619天,https://www.qiushibaike.com/users/32215536/
38,6,46,184,10721,0,secret,白羊座,搬砖汗,贵州 · 黔南,404天,https://www.qiushibaike.com/users/33431996/
4,10,16,74,80127,1,不详,双子座,搬砖汗,山东 · 济宁,1667天,https://www.qiushibaike.com/users/11086904/
1604,0,1397,18885,2905363,112,married,水瓶座,家里蹲,国外 · 奥地利,961天,https://www.qiushibaike.com/users/30074144/
0,26,26,606,21376,0,single,天蝎座,搬砖汗,国外 · 阿尔巴尼亚,1110天,https://www.qiushibaike.com/users/26636234/
0,57,4,215,361,0,不详,天蝎座,手艺汪,河北 · 秦皇岛,1183天,https://www.qiushibaike.com/users/24363273/
0,1,11,64,2147,0,single,双子座,手艺汪,河北 · 张家口,622天,https://www.qiushibaike.com/users/32185507/
2972,1,686,21150,2125143,93,secret,金牛座,搬砖汗,湖北 · 武汉,1049天,https://www.qiushibaike.com/users/28437800/
185,0,100,506,49641,1,secret,双鱼座,家里蹲,黑龙江 · 大兴安岭,578天,https://www.qiushibaike.com/users/32526621/
2972,1,686,21150,2125143,93,secret,金牛座,搬砖汗,湖北 · 武汉,1049天,https://www.qiushibaike.com/users/28437800/
26,6,53,44,85822,0,single,双子座,销售汪,湖南 · 邵阳,1786天,https://www.qiushibaike.com/users/8861246/
17,131,158,3164,253740,14,secret,射手座,内务汪,甘肃 · 白银,2583天,https://www.qiushibaike.com/users/190315/
1744,0,514,8007,4593380,212,secret,天蝎座,商务汪,广东 · 广州,1373天,https://www.qiushibaike.com/users/17221979/
166,7,133,7710,331695,31,inlove,白羊座,学生汪,安徽 · 宿州,1250天,https://www.qiushibaike.com/users/22085995/
467,20,18,21,13625,0,single,射手座,学生汪,浙江 · 嘉兴,947天,https://www.qiushibaike.com/users/30165563/
0,14,7,150,2145,0,inlove,狮子座,学生汪,河北 · 石家庄,509天,https://www.qiushibaike.com/users/32923253/
7008,0,501,7206,1730137,63,secret,白羊座,手艺汪,未知,1155天,https://www.qiushibaike.com/users/25190748/
0,1,2,3,4348,0,不详,不详,不详,不详,45天,https://www.qiushibaike.com/users/36810981/
,,,,,,不详,不详,不详,不详,不详,https://www.qiushibaike.com/users/29482428/
0,0,2,9,1376,0,不详,不详,不详,不详,55天,https://www.qiushibaike.com/users/36672297/
1,0,17,870,16800,0,married,摩羯座,搬砖汗,未知,1226天,https://www.qiushibaike.com/users/22864325/
47,1,26,132,9026,0,married,天秤座,家里蹲,山东 · 滨州,61天,https://www.qiushibaike.com/users/36599422/
2,11,6,23,1175,0,single,白羊座,家里蹲,黑龙江 · 齐齐哈尔,960天,https://www.qiushibaike.com/users/30082242/
567,1,59,120,167926,2,secret,水瓶座,内务汪,未知,697天,https://www.qiushibaike.com/users/31706839/
46,54,76,1167,108451,1,secret,白羊座,手艺汪,未知,38天,https://www.qiushibaike.com/users/36912791/
7008,0,501,7206,1730137,63,secret,白羊座,手艺汪,未知,1155天,https://www.qiushibaike.com/users/25190748/
0,51,1,0,165,0,不详,巨蟹座,搬砖汗,江苏 · 南京,1560天,https://www.qiushibaike.com/users/12999053/
0,27,4,86,2691,0,married,巨蟹座,公务猿,安徽 · 阜阳,502天,https://www.qiushibaike.com/users/32955640/
1604,0,1397,18885,2905363,112,married,水瓶座,家里蹲,国外 · 奥地利,961天,https://www.qiushibaike.com/users/30074144/
0,399,986,5279,2818699,170,married,水瓶座,商务汪,广东 · 深圳,391天,https://www.qiushibaike.com/users/33491754/
1,1,5,45,371,0,married,天秤座,搬砖汗,未知,1360天,https://www.qiushibaike.com/users/17686039/
0,399,986,5279,2818699,170,married,水瓶座,商务汪,广东 · 深圳,391天,https://www.qiushibaike.com/users/33491754/
185,0,100,506,49641,1,secret,双鱼座,家里蹲,黑龙江 · 大兴安岭,578天,https://www.qiushibaike.com/users/32526621/
1,1,15,151,6668,0,secret,天秤座,学生汪,江西 · 宜春,1068天,https://www.qiushibaike.com/users/27946034/
7766,1,1383,111,2720206,58,married,双子座,家里蹲,辽宁 · 沈阳,1304天,https://www.qiushibaike.com/users/20164589/
0,1,1,17,161,0,inlove,天蝎座,学生汪,河南 · 洛阳,948天,https://www.qiushibaike.com/users/30160391/
0,2,1,11,2952,0,single,巨蟹座,商务汪,辽宁 · 大连,2天,https://www.qiushibaike.com/users/37349346/
1604,0,1397,18885,2905363,112,married,水瓶座,家里蹲,国外 · 奥地利,961天,https://www.qiushibaike.com/users/30074144/
17,131,158,3164,253740,14,secret,射手座,内务汪,甘肃 · 白银,2583天,https://www.qiushibaike.com/users/190315/
50,6,18,76,3195,0,married,金牛座,家里蹲,广东 · 潮州,965天,https://www.qiushibaike.com/users/30046736/
130,11,70,436,68735,1,married,白羊座,商务汪,山东 · 济南,895天,https://www.qiushibaike.com/users/30462269/
185,0,100,506,49641,1,secret,双鱼座,家里蹲,黑龙江 · 大兴安岭,578天,https://www.qiushibaike.com/users/32526621/
0,6,1252,93,972207,10,不详,白羊座,商务汪,未知,1209天,https://www.qiushibaike.com/users/23516205/
0,14,47,258,18884,1,secret,天秤座,手艺汪,四川 · 泸州,959天,https://www.qiushibaike.com/users/30088412/
0,49,8,130,3162,1,inlove,处女座,IT汪,广东 · 揭阳,706天,https://www.qiushibaike.com/users/31655751/
0,0,16,23,7038,0,married,天蝎座,销售汪,湖南 · 湘潭,1361天,https://www.qiushibaike.com/users/17650623/
0,0,7,41,1883,0,inlove,天蝎座,手艺汪,山东 · 青岛,924天,https://www.qiushibaike.com/users/30301764/
7330,3,741,6210,2060016,107,inlove,摩羯座,搬砖汗,安徽 · 蚌埠,1214天,https://www.qiushibaike.com/users/23331917/
46,54,76,1167,108451,1,secret,白羊座,手艺汪,未知,38天,https://www.qiushibaike.com/users/36912791/
19,1,43,21,30616,0,secret,处女座,学生汪,未知,925天,https://www.qiushibaike.com/users/30294116/
208,0,86,1380,576924,11,secret,双鱼座,搬砖汗,国外 · 亚洲其他国家,832天,https://www.qiushibaike.com/users/30803387/
3752,5,2534,94,2262041,7,single,摩羯座,家里蹲,国外 · 奥地利,854天,https://www.qiushibaike.com/users/30683297/
5,14,1,21,1937,0,secret,天秤座,搬砖汗,江苏 · 无锡,1340天,https://www.qiushibaike.com/users/18459413/
2,0,12,15,1323,0,不详,天秤座,家里蹲,广西 · 南宁,993天,https://www.qiushibaike.com/users/29343978/
0,2,2,19,2087,0,single,摩羯座,家里蹲,江苏 · 宿迁,753天,https://www.qiushibaike.com/users/31347543/
56,2,24,158,55929,1,secret,摩羯座,家里蹲,未知,52天,https://www.qiushibaike.com/users/36720573/
1,26,7,16,2901,0,single,双鱼座,手艺汪,广西 · 北海,1694天,https://www.qiushibaike.com/users/10592623/
188,2,105,678,112578,2,single,天蝎座,搬砖汗,湖南 · 永州,1083天,https://www.qiushibaike.com/users/27515844/
14,19,19,1159,12420,0,secret,处女座,家里蹲,国外 · 天宁,1266天,https://www.qiushibaike.com/users/21566737/
5,1,54,2844,69680,4,secret,天秤座,商务汪,江苏 · 无锡,793天,https://www.qiushibaike.com/users/31031076/
61,0,11,7,29181,2,inlove,狮子座,商务汪,未知,71天,https://www.qiushibaike.com/users/36435200/
8,33,16,26,10121,0,secret,摩羯座,公务猿,江苏 · 南通,1091天,https://www.qiushibaike.com/users/27262718/
2,7,19,91,9222,1,secret,天秤座,销售汪,四川 · 绵阳,1489天,https://www.qiushibaike.com/users/14460790/
2,1,26,111,19427,2,secret,狮子座,商务汪,山东 · 济南,1009天,https://www.qiushibaike.com/users/29108224/
18,0,273,20,102466,0,single,狮子座,家里蹲,四川 · 自贡,474天,https://www.qiushibaike.com/users/33091128/
4,17,36,227,25733,0,single,金牛座,家里蹲,未知,1431天,https://www.qiushibaike.com/users/15907821/
7330,3,741,6210,2060016,107,inlove,摩羯座,搬砖汗,安徽 · 蚌埠,1214天,https://www.qiushibaike.com/users/23331917/
43,0,60,172,25162,0,married,处女座,IT汪,浙江 · 杭州,73天,https://www.qiushibaike.com/users/36401850/
14,0,49,18,36592,2,secret,双鱼座,学生汪,未知,1759天,https://www.qiushibaike.com/users/9391885/
331,2,411,6865,1380638,72,secret,天秤座,家里蹲,国外 · 冰岛,941天,https://www.qiushibaike.com/users/30201529/
0,36,296,1586,733345,28,secret,处女座,搬砖汗,国外 · 多哥,240天,https://www.qiushibaike.com/users/34105982/
4,3,38,27,24336,1,不详,摩羯座,搬砖汗,福建 · 莆田,1213天,https://www.qiushibaike.com/users/23387841/
1,0,3,12,1558,0,single,水瓶座,IT汪,湖北 · 荆州,652天,https://www.qiushibaike.com/users/31965746/
2,0,14,35,1589,0,不详,处女座,销售汪,未知,1084天,https://www.qiushibaike.com/users/27472286/
402,27,94,1602,84403,0,single,水瓶座,学生汪,黑龙江 · 双鸭山,1917天,https://www.qiushibaike.com/users/5444996/
5,34,112,1635,38048,0,不详,巨蟹座,搬砖汗,江苏 · 无锡,1294天,https://www.qiushibaike.com/users/20573003/
0,3,10,76,3137,0,secret,水瓶座,IT汪,未知,19天,https://www.qiushibaike.com/users/37197067/
0,3,11,298,1060,0,不详,金牛座,搬砖汗,广西 · 贺州,1201天,https://www.qiushibaike.com/users/23780571/
240,1,55,3,141166,3,married,狮子座,商务汪,江苏 · 苏州,29天,https://www.qiushibaike.com/users/37076223/
19,1,43,21,30616,0,secret,处女座,学生汪,未知,925天,https://www.qiushibaike.com/users/30294116/
1,0,6,43,639,0,married,狮子座,家里蹲,安徽 · 合肥,1757天,https://www.qiushibaike.com/users/9421991/
26,6,7,101,3431,0,secret,双鱼座,家里蹲,山东 · 潍坊,1394天,https://www.qiushibaike.com/users/16676973/
60,0,125,27,116115,5,不详,不详,不详,不详,408天,https://www.qiushibaike.com/users/33418613/
7008,0,501,7206,1730137,63,secret,白羊座,手艺汪,未知,1155天,https://www.qiushibaike.com/users/25190748/
0,399,986,5279,2818699,170,married,水瓶座,商务汪,广东 · 深圳,391天,https://www.qiushibaike.com/users/33491754/
4,0,167,570,556430,40,single,摩羯座,公务猿,国外 · 冰岛,342天,https://www.qiushibaike.com/users/33676416/
17,171,273,746,113673,1,single,水瓶座,商务汪,国外 · 南极,2052天,https://www.qiushibaike.com/users/3079002/
0,0,26,2,23081,0,secret,天秤座,IT汪,辽宁 · 大连,217天,https://www.qiushibaike.com/users/34315653/
10,27,64,219,39977,1,不详,天蝎座,家里蹲,安徽 · 滁州,1284天,https://www.qiushibaike.com/users/20978973/
2972,1,686,21150,2125143,93,secret,金牛座,搬砖汗,湖北 · 武汉,1049天,https://www.qiushibaike.com/users/28437800/
53,116,123,296,161148,4,secret,天蝎座,手艺汪,未知,1626天,https://www.qiushibaike.com/users/11837809/
7330,3,741,6210,2060016,107,inlove,摩羯座,搬砖汗,安徽 · 蚌埠,1214天,https://www.qiushibaike.com/users/23331917/
1,16,14,46,3604,0,不详,天蝎座,家里蹲,山东 · 泰安,1181天,https://www.qiushibaike.com/users/24412495/
17,131,158,3164,253740,14,secret,射手座,内务汪,甘肃 · 白银,2583天,https://www.qiushibaike.com/users/190315/
17,131,158,3164,253740,14,secret,射手座,内务汪,甘肃 · 白银,2583天,https://www.qiushibaike.com/users/190315/
1604,0,1397,18885,2905363,112,married,水瓶座,家里蹲,国外 · 奥地利,961天,https://www.qiushibaike.com/users/30074144/
64,124,114,263,111620,0,不详,白羊座,手艺汪,未知,1227天,https://www.qiushibaike.com/users/22824171/
0,36,296,1586,733345,28,secret,处女座,搬砖汗,国外 · 多哥,240天,https://www.qiushibaike.com/users/34105982/
7330,3,741,6210,2060016,107,inlove,摩羯座,搬砖汗,安徽 · 蚌埠,1214天,https://www.qiushibaike.com/users/23331917/
1,0,17,870,16800,0,married,摩羯座,搬砖汗,未知,1226天,https://www.qiushibaike.com/users/22864325/
46,0,9,5,2097,0,不详,摩羯座,家里蹲,贵州 · 安顺,981天,https://www.qiushibaike.com/users/29519486/
240,1,55,3,141166,3,married,狮子座,商务汪,江苏 · 苏州,29天,https://www.qiushibaike.com/users/37076223/
12,1,189,5854,90211,0,married,双子座,搬砖汗,江苏 · 苏州,615天,https://www.qiushibaike.com/users/32246795/
0,0,31,41,8308,0,secret,摩羯座,商务汪,广东 · 惠州,42天,https://www.qiushibaike.com/users/36845762/
9,7,19,711,4970,0,married,巨蟹座,搬砖汗,湖北 · 荆州,1648天,https://www.qiushibaike.com/users/11387555/
3,164,314,2176,195121,3,married,摩羯座,搬砖汗,江苏 · 徐州,1381天,https://www.qiushibaike.com/users/17016259/
40,15,446,124,202287,0,single,巨蟹座,手艺汪,河南 · 平顶山,1554天,https://www.qiushibaike.com/users/13075695/
,,,,,,不详,不详,不详,不详,不详,https://www.qiushibaike.com/users/23815023/
,,,,,,不详,不详,不详,不详,不详,https://www.qiushibaike.com/users/14849114/
,,,,,,不详,不详,不详,不详,不详,https://www.qiushibaike.com/users/24583963/
